Date,Jail Population,Community Corrections,Total Male And Female
2018-01-01,5993.0,2153,8146.0
2018-01-02,6009.0,2163,8172.0
2018-01-03,6005.0,2162,8167.0
2018-01-04,5962.0,2160,8122.0
2018-01-05,5997.0,2147,8144.0
2018-01-06,6131.0,2154,8285.0
2018-01-07,6165.0,2162,8327.0
2018-01-08,6099.0,2170,8269.0
2018-01-09,6072.0,2169,8241.0
2018-01-10,6075.0,2167,8242.0
2018-01-11,6024.0,2161,8185.0
2018-01-12,6057.0,2142,8199.0
2018-01-13,6082.0,2147,8229.0
2018-01-14,6107.0,2152,8259.0
2018-01-15,6132.0,2157,8289.0
2018-01-16,6157.0,2161,8318.0
2018-01-17,6191.0,2146,8337.0
2018-01-18,6076.0,2132,8208.0
2018-01-19,6052.0,2123,8175.0
2018-01-20,6097.0,2125,8222.0
2018-01-21,6142.0,2127,8269.0
2018-01-22,6187.0,2129,8316.0
2018-01-23,6233.0,2132,8365.0
2018-01-24,6194.0,2125,8319.0
2018-01-25,6182.0,2125,8307.0
2018-01-26,6129.0,2117,8246.0
2018-01-27,6148.0,2120,8268.0
2018-01-28,6164.0,2124,8288.0
2018-01-29,6182.0,2128,8310.0
2018-01-30,6203.0,2131,8334.0
2018-01-31,6186.0,2108,8294.0
2018-02-01,6123.0,2112,8235.0
2018-02-02,6102.0,2085,8187.0
2018-02-03,6107.0,2092,8199.0
2018-02-04,6112.0,2099,8211.0
2018-02-05,6117.0,2106,8223.0
2018-02-06,6098.0,2113,8211.0
2018-02-07,6045.0,2111,8156.0
2018-02-08,6011.0,2097,8108.0
2018-02-09,6038.0,2096,8134.0
2018-02-10,6096.0,2100,8196.0
2018-02-11,6154.0,2104,8258.0
2018-02-12,6212.0,2108,8320.0
2018-02-13,6270.0,2112,8382.0
2018-02-14,6190.0,2098,8288.0
2018-02-15,6163.0,2077,8240.0
2018-02-16,6158.0,2068,8226.0
2018-02-17,6172.25,2067,8239.25
2018-02-18,6186.5,2065,8251.5
2018-02-19,6200.75,2064,8264.75
2018-02-20,6215.0,2062,8277.0
2018-02-21,6191.0,2071,8262.0
2018-02-22,6126.0,2071,8197.0
2018-02-23,6157.0,2062,8219.0
2018-02-24,6172.66667,2064,8236.666669999999
2018-02-25,6188.33333,2066,8254.333330000001
2018-02-26,6204.0,2068,8272.0
2018-02-27,6197.0,2070,8267.0
2018-02-28,6164.0,2052,8216.0
2018-03-01,6156.5,2025,8181.5
2018-03-02,6149.0,2011,8160.0
2018-03-03,6157.25,2012,8169.25
2018-03-04,6165.5,2014,8179.5
2018-03-05,6173.75,2015,8188.75
2018-03-06,6182.0,2016,8198.0
2018-03-07,6186.0,2018,8204.0
2018-03-08,6113.0,2017,8130.0
2018-03-09,6070.0,2043,8113.0
2018-03-10,6084.66667,2044,8128.66667
2018-03-11,6099.33333,2045,8144.33333
2018-03-12,6114.0,2046,8160.0
2018-03-13,6112.0,2047,8159.0
2018-03-14,6061.0,2047,8108.0
2018-03-15,6047.0,2041,8088.0
2018-03-16,6063.0,2046,8109.0
2018-03-17,6083.33333,2057,8140.33333
2018-03-18,6103.66667,2067,8170.66667
2018-03-19,6124.0,2078,8202.0
2018-03-20,6164.0,2081,8245.0
2018-03-21,6100.0,2087,8187.0
2018-03-22,6024.0,2081,8105.0
2018-03-23,5995.0,2079,8074.0
2018-03-24,6034.66667,2083,8117.66667
2018-03-25,6074.33333,2087,8161.33333
2018-03-26,6114.0,2091,8205.0
2018-03-27,6090.0,2090,8180.0
2018-03-28,6081.0,2099,8180.0
2018-03-29,6046.0,2101,8147.0
2018-03-30,6011.0,2103,8114.0
2018-03-31,6059.66667,2109,8168.66667
2018-04-01,6108.33333,2115,8223.333330000001
2018-04-02,6157.0,2121,8278.0
2018-04-03,6091.0,2123,8214.0
2018-04-04,6041.0,2127,8168.0
2018-04-05,5991.0,2102,8093.0
2018-04-06,5996.0,2083,8079.0
2018-04-07,6017.66667,2082,8099.66667
2018-04-08,6039.33333,2082,8121.33333
2018-04-09,6061.0,2081,8142.0
2018-04-10,6048.0,2089,8137.0
2018-04-11,6019.0,2096,8115.0
2018-04-12,5972.0,2087,8059.0
2018-04-13,6024.0,2090,8114.0
2018-04-14,6051.0,2089,8140.0
2018-04-15,6078.0,2089,8167.0
2018-04-16,6106.0,2088,8194.0
2018-04-17,6070.0,2081,8151.0
2018-04-18,6020.0,2069,8089.0
2018-04-19,5962.0,2069,8031.0
2018-04-20,5943.0,2076,8019.0
2018-04-21,5975.0,2080,8055.0
2018-04-22,6008.0,2083,8091.0
2018-04-23,6040.0,2087,8127.0
2018-04-24,6020.0,2090,8110.0
2018-04-25,5998.0,2082,8080.0
2018-04-26,6001.0,2081,8082.0
2018-04-27,5988.0,2068,8056.0
2018-04-28,6001.0,2076,8077.0
2018-04-29,6015.0,2085,8100.0
2018-04-30,6028.0,2093,8121.0
2018-05-01,5998.0,2100,8098.0
2018-05-02,5978.0,2097,8075.0
2018-05-03,5974.0,2084,8058.0
2018-05-04,5955.0,2080,8035.0
2018-05-05,5995.0,2085,8080.0
2018-05-06,6035.0,2091,8126.0
2018-05-07,6076.0,2096,8172.0
2018-05-08,6067.0,2084,8151.0
2018-05-09,6016.0,2078,8094.0
2018-05-10,5954.0,2073,8027.0
2018-05-11,6013.0,2061,8074.0
2018-05-12,6038.0,2061,8099.0
2018-05-13,6063.0,2061,8124.0
2018-05-14,6087.0,2060,8147.0
2018-05-15,6033.0,2057,8090.0
2018-05-16,6015.0,2055,8070.0
2018-05-17,5967.0,2039,8006.0
2018-05-18,5977.0,2042,8019.0
2018-05-19,5992.0,2044,8036.0
2018-05-20,6007.0,2046,8053.0
2018-05-21,6022.0,2048,8070.0
2018-05-22,6026.0,2044,8070.0
2018-05-23,5994.0,2030,8024.0
2018-05-24,5921.0,2030,7951.0
2018-05-25,5933.0,2045,7978.0
2018-05-26,5986.0,2052,8038.0
2018-05-27,6040.0,2060,8100.0
2018-05-28,6093.0,2067,8160.0
2018-05-29,6134.0,2081,8215.0
2018-05-30,6103.0,2084,8187.0
2018-05-31,6016.0,2069,8085.0
2018-06-01,6024.0,2078,8102.0
2018-06-02,6032.0,2086,8118.0
2018-06-03,6041.0,2095,8136.0
2018-06-04,6049.0,2103,8152.0
2018-06-05,6016.0,2115,8131.0
2018-06-06,6003.0,2119,8122.0
2018-06-07,5988.0,2129,8117.0
2018-06-08,5959.0,2130,8089.0
2018-06-09,5990.0,2138,8128.0
2018-06-10,6021.0,2146,8167.0
2018-06-11,6052.0,2153,8205.0
2018-06-12,6045.0,2166,8211.0
2018-06-13,6004.0,2153,8157.0
2018-06-14,5992.0,2149,8141.0
2018-06-15,5999.0,2150,8149.0
2018-06-16,6026.0,2154,8180.0
2018-06-17,6053.0,2158,8211.0
2018-06-18,6080.0,2163,8243.0
2018-06-19,6061.0,2155,8216.0
2018-06-20,6040.0,2158,8198.0
2018-06-21,6001.0,2169,8170.0
2018-06-22,5989.0,2155,8144.0
2018-06-23,6011.0,2165,8176.0
2018-06-24,6033.0,2175,8208.0
2018-06-25,6056.0,2185,8241.0
2018-06-26,6038.0,2185,8223.0
2018-06-27,6032.0,2185,8217.0
2018-06-28,5992.0,2189,8181.0
2018-06-29,5994.0,2184,8178.0
2018-06-30,6036.0,2180,8216.0
2018-07-01,6078.0,2177,8255.0
2018-07-02,6119.0,2173,8292.0
2018-07-03,6078.0,2182,8260.0
2018-07-04,6069.0,2197,8266.0
2018-07-05,6104.0,2209,8313.0
2018-07-06,6108.0,2199,8307.0
2018-07-07,6130.0,2199,8329.0
2018-07-08,6202.0,2200,8402.0
2018-07-09,6217.0,2208,8425.0
2018-07-10,6170.0,2201,8371.0
2018-07-11,6164.0,2189,8353.0
2018-07-12,6094.0,2184,8278.0
2018-07-13,6084.0,2162,8246.0
2018-07-14,6074.0,2175,8249.0
2018-07-15,6157.0,2179,8336.0
2018-07-16,6187.0,2188,8375.0
2018-07-17,6154.0,2200,8354.0
2018-07-18,6120.0,2200,8320.0
2018-07-19,6114.0,2194,8308.0
2018-07-20,6064.0,2191,8255.0
2018-07-21,6094.0,2182,8276.0
2018-07-22,6155.0,2184,8339.0
2018-07-23,6156.0,2179,8335.0
2018-07-24,6131.0,2180,8311.0
2018-07-25,6132.0,2181,8313.0
2018-07-26,6083.0,2176,8259.0
2018-07-27,6063.0,2163,8226.0
2018-07-28,6052.0,2173,8225.0
2018-07-29,6152.0,2191,8343.0
2018-07-30,6144.0,2201,8345.0
2018-07-31,6155.0,2208,8363.0
2018-08-01,6137.0,2192,8329.0
2018-08-02,6096.0,2192,8288.0
2018-08-03,6076.0,2185,8261.0
2018-08-04,6080.0,2187,8267.0
2018-08-05,6162.0,2196,8358.0
2018-08-06,6124.0,2195,8319.0
2018-08-07,6074.0,2206,8280.0
2018-08-08,6046.0,2204,8250.0
2018-08-09,6000.0,2200,8200.0
2018-08-10,6005.0,2184,8189.0
2018-08-11,6043.0,2167,8210.0
2018-08-12,6104.0,2175,8279.0
2018-08-13,6096.0,2184,8280.0
2018-08-14,6102.0,2193,8295.0
2018-08-15,6093.0,2189,8282.0
2018-08-16,6066.0,2170,8236.0
2018-08-17,6074.0,2163,8237.0
2018-08-18,6073.0,2163,8236.0
2018-08-19,6145.0,2162,8307.0
2018-08-20,6133.0,2159,8292.0
2018-08-21,6166.0,2158,8324.0
2018-08-22,6111.0,2155,8266.0
2018-08-23,6057.0,2145,8202.0
2018-08-24,6050.0,2155,8205.0
2018-08-25,6191.0,2155,8346.0
2018-08-26,6174.0,2162,8336.0
2018-08-27,6180.0,2163,8343.0
2018-08-28,6181.0,2167,8348.0
2018-08-29,6191.0,2165,8356.0
2018-08-30,6191.0,2183,8374.0
2018-08-31,6151.0,2182,8333.0
2018-09-01,6171.0,2192,8363.0
2018-09-02,6274.0,2195,8469.0
2018-09-03,6382.0,2212,8594.0
2018-09-04,6403.0,2233,8636.0
2018-09-05,6412.0,2238,8650.0
2018-09-06,6305.0,2240,8545.0
2018-09-07,6338.0,2242,8580.0
2018-09-08,6303.0,2261,8564.0
2018-09-09,6349.0,2277,8626.0
2018-09-10,6336.0,2281,8617.0
2018-09-11,6313.0,2292,8605.0
2018-09-12,6283.0,2299,8582.0
2018-09-13,6296.0,2282,8578.0
2018-09-14,6288.0,2289,8577.0
2018-09-15,6296.0,2297,8593.0
2018-09-16,6305.0,2305,8610.0
2018-09-17,6314.0,2313,8627.0
2018-09-18,6374.0,2318,8692.0
2018-09-19,6337.0,2291,8628.0
2018-09-20,6289.0,2291,8580.0
2018-09-21,6270.0,2282,8552.0
2018-09-22,6271.0,2286,8557.0
2018-09-23,6271.0,2289,8560.0
2018-09-24,6272.0,2293,8565.0
2018-09-25,6281.0,2274,8555.0
2018-09-26,6250.0,2274,8524.0
2018-09-27,6258.0,2257,8515.0
2018-09-28,6213.0,2258,8471.0
2018-09-29,6213.0,2263,8476.0
2018-09-30,6213.0,2267,8480.0
2018-10-01,6212.0,2272,8484.0
2018-10-02,6185.0,2270,8455.0
2018-10-03,6184.0,2245,8429.0
2018-10-04,6113.0,2236,8349.0
2018-10-05,6123.0,2205,8328.0
2018-10-06,6133.0,2176,8309.0
2018-10-07,6143.0,2144,8287.0
2018-10-08,6153.0,2114,8267.0
2018-10-09,6164.0,2084,8248.0
2018-10-10,6208.0,2028,8236.0
2018-10-11,6159.0,2226,8385.0
2018-10-12,6119.0,2229,8348.0
2018-10-13,6096.0,2230,8326.0
2018-10-14,6143.0,2229,8372.0
2018-10-15,6173.0,2230,8403.0
2018-10-16,6127.0,2218,8345.0
2018-10-17,6111.0,2207,8318.0
2018-10-18,6113.0,2191,8304.0
2018-10-19,6095.0,2180,8275.0
2018-10-20,6104.0,2187,8291.0
2018-10-21,6151.0,2189,8340.0
2018-10-22,6075.0,2185,8260.0
2018-10-23,6072.0,2176,8248.0
2018-10-24,6065.0,2171,8236.0
2018-10-25,5991.0,2173,8164.0
2018-10-26,5975.0,2165,8140.0
2018-10-27,5996.0,2163,8159.0
2018-10-28,6087.0,2182,8269.0
2018-10-29,6116.0,2186,8302.0
2018-10-30,6060.0,2190,8250.0
2018-10-31,6077.0,2171,8248.0
2018-11-01,6046.0,2166,8212.0
2018-11-02,6001.0,2168,8169.0
2018-11-03,6014.0,2172,8186.0
2018-11-04,6027.0,2176,8203.0
2018-11-05,6039.0,2181,8220.0
2018-11-06,6071.0,2173,8244.0
2018-11-07,6073.0,2163,8236.0
2018-11-08,5975.0,2160,8135.0
2018-11-09,5953.0,2159,8112.0
2018-11-10,5904.0,2178,8082.0
2018-11-11,5939.0,2195,8134.0
2018-11-12,5968.0,2194,8162.0
2018-11-13,5968.0,2202,8170.0
2018-11-14,5967.0,2209,8176.0
2018-11-15,5823.0,2196,8019.0
2018-11-16,5908.0,2192,8100.0
2018-11-17,5886.0,2192,8078.0
2018-11-18,5952.0,2201,8153.0
2018-11-19,5921.0,2202,8123.0
2018-11-20,5905.0,2200,8105.0
2018-11-21,5845.0,2206,8051.0
2018-11-22,5864.0,2211,8075.0
2018-11-23,5884.0,2215,8099.0
2018-11-24,5903.0,2219,8122.0
2018-11-25,5922.0,2224,8146.0
2018-11-26,5942.0,2229,8171.0
2018-11-27,5878.0,2222,8100.0
2018-11-28,5840.0,2217,8057.0
2018-11-29,5814.0,2198,8012.0
2018-11-30,5825.0,2197,8022.0
2018-12-01,5843.0,2202,8045.0
2018-12-02,5893.0,2217,8110.0
2018-12-03,5893.0,2224,8117.0
2018-12-04,5885.0,2221,8106.0
2018-12-05,5872.0,2225,8097.0
2018-12-06,5817.0,2218,8035.0
2018-12-07,5837.0,2228,8065.0
2018-12-08,5857.0,2239,8096.0
2018-12-09,5877.0,2250,8127.0
2018-12-10,5896.0,2260,8156.0
2018-12-11,5908.0,2249,8157.0
2018-12-12,5874.0,2246,8120.0
2018-12-13,5840.0,2242,8082.0
2018-12-14,5799.0,2234,8033.0
2018-12-15,5811.0,2236,8047.0
2018-12-16,5823.0,2237,8060.0
2018-12-17,5835.0,2239,8074.0
2018-12-18,5830.0,2230,8060.0
2018-12-19,5802.0,2235,8037.0
2018-12-20,5762.0,2245,8007.0
2018-12-21,5749.0,2251,8000.0
2018-12-22,5736.0,2257,7993.0
2018-12-23,5723.0,2263,7986.0
2018-12-24,5710.0,2269,7979.0
2018-12-25,5697.0,2276,7973.0
2018-12-26,5734.0,2280,8014.0
2018-12-27,5676.0,2287,7963.0
2018-12-28,5683.0,2266,7949.0
2018-12-29,5699.0,2273,7972.0
2018-12-30,5773.0,2286,8059.0
2018-12-31,5814.0,2300,8114.0
2019-01-01,5837.0,2302,8139.0
2019-01-02,5875.0,2297,8172.0
2019-01-03,5855.0,2291,8146.0
2019-01-04,5818.0,2289,8107.0
2019-01-05,5815.0,2287,8102.0
2019-01-06,5893.0,2303,8196.0
2019-01-07,5908.0,2306,8214.0
2019-01-08,5888.0,2293,8181.0
2019-01-09,5885.0,2292,8177.0
2019-01-10,5862.0,2276,8138.0
2019-01-11,5874.0,2270,8144.0
2019-01-12,5873.0,2273,8146.0
2019-01-13,5960.0,2280,8240.0
2019-01-14,5882.0,2296,8178.0
2019-01-15,5912.0,2279,8191.0
2019-01-16,5929.0,2262,8191.0
2019-01-17,5869.0,2249,8118.0
2019-01-18,5839.0,2245,8084.0
2019-01-19,5847.0,2245,8092.0
2019-01-20,5855.0,2245,8100.0
2019-01-21,5863.0,2245,8108.0
2019-01-22,5871.0,2246,8117.0
2019-01-23,5868.0,2224,8092.0
2019-01-24,5801.0,2204,8005.0
2019-01-25,5781.0,2200,7981.0
2019-01-26,5813.0,2196,8009.0
2019-01-27,5841.0,2197,8038.0
2019-01-28,5841.0,2195,8036.0
2019-01-29,5845.0,2182,8027.0
2019-01-30,5791.0,2167,7958.0
2019-01-31,5815.0,2163,7978.0
2019-02-01,5750.0,2174,7924.0
2019-02-02,5679.0,2168,7847.0
2019-02-03,5751.0,2167,7918.0
2019-02-04,5786.0,2168,7954.0
2019-02-05,5736.0,2168,7904.0
2019-02-06,5733.0,2166,7899.0
2019-02-07,5696.0,2164,7860.0
2019-02-08,5680.0,2150,7830.0
2019-02-09,5682.0,2144,7826.0
2019-02-10,5740.0,2151,7891.0
2019-02-11,5724.0,2152,7876.0
2019-02-12,5703.0,2153,7856.0
2019-02-13,5751.0,2160,7911.0
2019-02-14,5707.0,2151,7858.0
2019-02-15,5675.0,2145,7820.0
2019-02-16,5694.0,2150,7844.0
2019-02-17,5713.0,2151,7864.0
2019-02-18,5732.0,2161,7893.0
2019-02-19,5751.0,2166,7917.0
2019-02-20,5777.0,2157,7934.0
2019-02-21,5717.0,2151,7868.0
2019-02-22,5683.0,2159,7842.0
2019-02-23,5701.0,2164,7865.0
2019-02-24,5763.0,2179,7942.0
2019-02-25,5728.0,2183,7911.0
2019-02-26,5709.0,2150,7859.0
2019-02-27,5711.0,2172,7883.0
2019-02-28,5683.0,2170,7853.0
2019-03-01,5683.0,2165,7848.0
2019-03-02,5696.0,2183,7879.0
2019-03-03,5709.0,2202,7911.0
2019-03-04,5722.0,2220,7942.0
2019-03-05,5735.0,2238,7973.0
2019-03-06,5727.0,2210,7937.0
2019-03-07,5660.0,2216,7876.0
2019-03-08,5623.0,2216,7839.0
2019-03-09,5590.0,2221,7811.0
2019-03-10,5649.0,2212,7861.0
2019-03-11,5618.0,2211,7829.0
2019-03-12,5614.0,2208,7822.0
2019-03-13,5610.0,2204,7814.0
2019-03-14,5568.0,2205,7773.0
2019-03-15,5552.0,2182,7734.0
2019-03-16,5561.0,2186,7747.0
2019-03-17,5614.0,2198,7812.0
2019-03-18,5553.0,2204,7757.0
2019-03-19,5558.0,2202,7760.0
2019-03-20,5517.0,2199,7716.0
2019-03-21,5476.0,2196,7672.0
2019-03-22,5455.0,2173,7628.0
2019-03-23,5472.0,2170,7642.0
2019-03-24,5569.0,2173,7742.0
2019-03-25,5574.0,2192,7766.0
2019-03-26,5582.0,2184,7766.0
2019-03-27,5526.0,2181,7707.0
2019-03-28,5544.0,2165,7709.0
2019-03-29,5481.0,2165,7646.0
2019-03-30,5504.0,2168,7672.0
2019-03-31,5527.0,2170,7697.0
2019-04-01,5550.0,2164,7714.0
2019-04-02,5552.0,2146,7698.0
2019-04-03,5554.0,2150,7704.0
2019-04-04,5557.0,2154,7711.0
2019-04-05,5503.0,2150,7653.0
2019-04-06,5536.0,2157,7693.0
2019-04-07,5573.0,2176,7749.0
2019-04-08,5589.0,2175,7764.0
2019-04-09,5598.0,2161,7759.0
2019-04-10,5602.0,2151,7753.0
2019-04-11,5574.0,2147,7721.0
2019-04-12,5537.0,2147,7684.0
2019-04-13,5560.0,2147,7707.0
2019-04-14,5583.0,2147,7730.0
2019-04-15,5605.0,2147,7752.0
2019-04-16,5601.0,2139,7740.0
2019-04-17,5568.0,2143,7711.0
2019-04-18,5546.0,2126,7672.0
2019-04-19,5502.0,2123,7625.0
2019-04-20,5547.0,2125,7672.0
2019-04-21,5592.0,2127,7719.0
2019-04-22,5636.0,2129,7765.0
2019-04-23,5653.0,2126,7779.0
2019-04-24,5652.0,2115,7767.0
2019-04-25,5599.0,2131,7730.0
2019-04-26,5571.0,2123,7694.0
2019-04-27,5616.0,2133,7749.0
2019-04-28,5668.0,2135,7803.0
2019-04-29,5665.0,2138,7803.0
2019-04-30,5676.0,2138,7814.0
2019-05-01,5657.0,2118,7775.0
2019-05-02,5632.0,2111,7743.0
2019-05-03,5635.0,2116,7751.0
2019-05-04,5627.0,2122,7749.0
2019-05-05,5620.0,2127,7747.0
2019-05-06,5613.0,2133,7746.0
2019-05-07,5673.0,2147,7820.0
2019-05-08,5671.0,2146,7817.0
2019-05-09,5655.0,2158,7813.0
2019-05-10,5641.0,2160,7801.0
2019-05-11,5682.0,2159,7841.0
2019-05-12,5734.0,2162,7896.0
2019-05-13,5721.0,2170,7891.0
2019-05-14,5708.0,2162,7870.0
2019-05-15,5693.0,2165,7858.0
2019-05-16,5678.0,2160,7838.0
2019-05-17,5694.0,2149,7843.0
2019-05-18,5734.0,2164,7898.0
2019-05-19,5786.0,2170,7956.0
2019-05-20,5790.0,2174,7964.0
2019-05-21,5764.0,2179,7943.0
2019-05-22,5738.0,2183,7921.0
2019-05-23,5674.0,2175,7849.0
2019-05-24,5642.0,2170,7812.0
2019-05-25,5706.0,2181,7887.0
2019-05-26,5797.0,2200,7997.0
2019-05-27,5797.0,2213,8010.0
2019-05-28,5873.0,2226,8099.0
2019-05-29,5856.0,2212,8068.0
2019-05-30,5813.0,2205,8018.0
2019-05-31,5791.0,2200,7991.0
2019-06-01,5758.0,2208,7966.0
2019-06-02,5726.0,2217,7943.0
2019-06-03,5693.0,2225,7918.0
2019-06-04,5762.0,2220,7982.0
2019-06-05,5760.0,2203,7963.0
2019-06-06,5727.0,2192,7919.0
2019-06-07,5725.0,2175,7900.0
2019-06-08,5726.0,2169,7895.0
2019-06-09,5791.0,2178,7969.0
2019-06-10,5798.0,2191,7989.0
2019-06-11,5774.0,2182,7956.0
2019-06-12,5804.0,2153,7957.0
2019-06-13,5772.0,2158,7930.0
2019-06-14,5724.0,2153,7877.0
2019-06-15,5761.0,2154,7915.0
2019-06-16,5799.0,2155,7954.0
2019-06-17,5836.0,2156,7992.0
2019-06-18,5862.0,2140,8002.0
2019-06-19,5836.0,2130,7966.0
2019-06-20,5758.0,2124,7882.0
2019-06-21,5722.0,2134,7856.0
2019-06-22,5747.0,2141,7888.0
2019-06-23,5772.0,2148,7920.0
2019-06-24,5797.0,2156,7953.0
2019-06-25,5796.0,2167,7963.0
2019-06-26,5774.0,2176,7950.0
2019-06-27,5706.0,2156,7862.0
2019-06-28,5666.0,2166,7832.0
2019-06-29,5701.0,2174,7875.0
2019-06-30,5736.0,2182,7918.0
2019-07-01,5772.0,2189,7961.0
2019-07-02,5766.0,2188,7954.0
2019-07-03,5762.0,2194,7956.0
2019-07-04,5758.0,2200,7958.0
2019-07-05,5754.0,2207,7961.0
2019-07-06,5799.0,2211,8010.0
2019-07-07,5845.0,2215,8060.0
2019-07-08,5890.0,2219,8109.0
2019-07-09,5868.0,2217,8085.0
2019-07-10,5894.0,2224,8118.0
2019-07-11,5881.0,2226,8107.0
2019-07-12,5798.0,2209,8007.0
2019-07-13,5904.0,2229,8133.0
2019-07-14,5934.0,2222,8156.0
2019-07-15,5945.0,2226,8171.0
2019-07-16,5930.0,2224,8154.0
2019-07-17,5906.0,2212,8118.0
2019-07-18,5866.0,2215,8081.0
2019-07-19,5874.0,2220,8094.0
2019-07-20,5927.0,2218,8145.0
2019-07-21,5976.0,2216,8192.0
2019-07-22,5970.0,2215,8185.0
2019-07-23,5953.0,2222,8175.0
2019-07-24,5918.0,2225,8143.0
2019-07-25,5858.0,2225,8083.0
2019-07-26,5837.0,2227,8064.0
2019-07-27,5871.0,2236,8107.0
2019-07-28,5950.0,2244,8194.0
2019-07-29,5943.0,2248,8191.0
2019-07-30,5952.0,2249,8201.0
2019-07-31,5925.0,2243,8168.0
2019-08-01,5913.0,2238,8151.0
2019-08-02,5860.0,2236,8096.0
2019-08-03,5875.0,2243,8118.0
2019-08-04,5951.0,2247,8198.0
2019-08-05,5941.0,2255,8196.0
2019-08-06,5923.0,2262,8185.0
2019-08-07,5903.0,2259,8162.0
2019-08-08,5853.0,2257,8110.0
2019-08-09,5777.0,2261,8038.0
2019-08-10,5822.0,2271,8093.0
2019-08-11,5911.0,2272,8183.0
2019-08-12,5927.0,2278,8205.0
2019-08-13,5918.0,2280,8198.0
2019-08-14,5896.0,2271,8167.0
2019-08-15,5801.0,2279,8080.0
2019-08-16,5848.0,2270,8118.0
2019-08-17,5847.0,2300,8147.0
2019-08-18,5926.0,2310,8236.0
2019-08-19,5961.0,2322,8283.0
2019-08-20,5980.0,2320,8300.0
2019-08-21,5919.0,2306,8225.0
2019-08-22,5854.0,2312,8166.0
2019-08-23,5893.0,2321,8214.0
2019-08-24,5940.0,2328,8268.0
2019-08-25,5936.0,2331,8267.0
2019-08-26,6021.0,2345,8366.0
2019-08-27,6016.0,2345,8361.0
2019-08-28,5974.0,2340,8314.0
2019-08-29,5918.0,2338,8256.0
2019-08-30,5850.0,2325,8175.0
2019-08-31,5942.0,2319,8261.0
2019-09-01,5998.0,2330,8328.0
2019-09-02,6059.0,2320,8379.0
2019-09-03,6084.0,2321,8405.0
2019-09-04,6060.0,2300,8360.0
2019-09-05,5987.0,2293,8280.0
2019-09-06,5976.0,2293,8269.0
2019-09-07,6005.0,2294,8299.0
2019-09-08,6071.0,2307,8378.0
2019-09-09,6103.0,2318,8421.0
2019-09-10,6093.0,2307,8400.0
2019-09-11,6091.0,2307,8398.0
2019-09-12,6038.0,2286,8324.0
2019-09-13,6005.0,2289,8294.0
2019-09-14,5961.0,2295,8256.0
2019-09-15,6030.0,2298,8328.0
2019-09-16,6048.0,2304,8352.0
2019-09-17,6027.0,2292,8319.0
2019-09-18,5950.0,2292,8242.0
2019-09-19,5871.0,2287,8158.0
2019-09-20,5941.0,2284,8225.0
2019-09-21,5945.0,2288,8233.0
2019-09-22,6011.0,2302,8313.0
2019-09-23,6018.0,2317,8335.0
2019-09-24,5950.0,2320,8270.0
2019-09-25,5902.0,2314,8216.0
2019-09-26,5801.0,2312,8113.0
2019-09-27,5805.0,2294,8099.0
2019-09-28,5847.0,2303,8150.0
2019-09-29,5879.0,2307,8186.0
2019-09-30,5907.0,2301,8208.0
2019-10-01,5877.0,2296,8173.0
2019-10-02,5831.0,2289,8120.0
2019-10-03,5762.0,2295,8057.0
2019-10-04,5736.0,2292,8028.0
2019-10-05,5761.0,2302,8063.0
2019-10-06,5820.0,2305,8125.0
2019-10-07,5848.0,2301,8149.0
2019-10-08,5847.0,2288,8135.0
2019-10-09,5827.0,2270,8097.0
2019-10-10,5742.0,2267,8009.0
2019-10-11,5742.0,2265,8007.0
2019-10-12,5762.0,2261,8023.0
2019-10-13,5832.0,2264,8096.0
2019-10-14,5874.0,2275,8149.0
2019-10-15,5884.0,2286,8170.0
2019-10-16,5889.0,2293,8182.0
2019-10-17,5783.0,2300,8083.0
2019-10-18,5829.0,2298,8127.0
2019-10-19,5837.0,2306,8143.0
2019-10-20,5898.0,2320,8218.0
2019-10-21,5902.0,2314,8216.0
2019-10-22,5878.0,2311,8189.0
2019-10-23,5854.0,2299,8153.0
2019-10-24,5809.0,2301,8110.0
2019-10-25,5808.0,2294,8102.0
2019-10-26,5849.0,2285,8134.0
2019-10-27,5888.0,2276,8164.0
2019-10-28,5869.0,2281,8150.0
2019-10-29,5862.0,2271,8133.0
2019-10-30,5837.0,2279,8116.0
2019-10-31,5788.0,2281,8069.0
2019-11-01,5743.0,2282,8025.0
2019-11-02,5769.0,2285,8054.0
2019-11-03,5769.0,2287,8056.0
2019-11-04,5820.0,2293,8113.0
2019-11-05,5795.0,2289,8084.0
2019-11-06,5772.0,2270,8042.0
2019-11-07,5710.0,2264,7974.0
2019-11-08,5704.0,2262,7966.0
2019-11-09,5710.0,2282,7992.0
2019-11-10,5780.0,2294,8074.0
2019-11-11,5851.0,2307,8158.0
2019-11-12,5853.0,2309,8162.0
2019-11-13,5814.0,2309,8123.0
2019-11-14,5666.0,2296,7962.0
2019-11-15,5691.0,2297,7988.0
2019-11-16,5689.0,2300,7989.0
2019-11-17,5759.0,2298,8057.0
2019-11-18,5784.0,2299,8083.0
2019-11-19,5747.0,2291,8038.0
2019-11-20,5788.0,2273,8061.0
2019-11-21,5613.0,2271,7884.0
2019-11-22,5635.0,2286,7921.0
2019-11-23,5623.0,2291,7914.0
2019-11-24,5676.0,2296,7972.0
2019-11-25,5673.0,2297,7970.0
2019-11-26,5689.0,2299,7988.0
2019-11-27,5558.0,2284,7842.0
2019-11-28,5628.0,2283,7911.0
2019-11-29,5677.0,2287,7964.0
2019-11-30,5684.0,2287,7971.0
2019-12-01,5756.0,2298,8054.0
2019-12-02,5790.0,2303,8093.0
2019-12-03,5742.0,2288,8030.0
2019-12-04,5759.0,2283,8042.0
2019-12-05,5648.0,2290,7938.0
2019-12-06,5640.0,2284,7924.0
2019-12-07,5708.0,2280,7988.0
2019-12-08,5739.0,2295,8034.0
2019-12-09,5782.0,2294,8076.0
2019-12-10,5747.0,2292,8039.0
2019-12-11,5637.0,2307,7944.0
2019-12-12,5668.0,2306,7974.0
2019-12-13,5630.0,2308,7938.0
2019-12-14,5626.0,2309,7935.0
2019-12-15,5654.0,2318,7972.0
2019-12-16,5678.0,2319,7997.0
2019-12-17,5641.0,2305,7946.0
2019-12-18,5603.0,2309,7912.0
2019-12-19,5503.0,2314,7817.0
2019-12-20,5500.0,2319,7819.0
2019-12-21,5452.0,2320,7772.0
2019-12-22,5535.0,2334,7869.0
2019-12-23,5593.0,2333,7926.0
2019-12-24,5535.0,2344,7879.0
2019-12-25,5501.0,2351,7852.0
2019-12-26,5507.0,2350,7857.0
2019-12-27,5518.0,2345,7863.0
2019-12-28,5554.0,2354,7908.0
2019-12-29,5595.0,2352,7947.0
2019-12-30,5628.0,2357,7985.0
2019-12-31,5615.0,2357,7972.0
2020-01-01,5616.0,2362,7978.0
2020-01-02,5643.0,2355,7998.0
2020-01-03,5662.0,2344,8006.0
2020-01-04,5648.0,2337,7985.0
2020-01-05,5731.0,2337,8068.0
2020-01-06,5752.0,2335,8087.0
2020-01-07,5718.0,2331,8049.0
2020-01-08,5696.0,2326,8022.0
2020-01-09,5606.0,2328,7934.0
2020-01-10,5617.0,2312,7929.0
2020-01-11,5622.0,2311,7933.0
2020-01-12,5679.0,2312,7991.0
2020-01-13,5638.0,2315,7953.0
2020-01-14,5674.0,2307,7981.0
2020-01-15,5646.0,2300,7946.0
2020-01-16,5501.0,2302,7803.0
2020-01-17,5592.0,2307,7899.0
2020-01-18,5639.0,2305,7944.0
2020-01-19,5607.0,2309,7916.0
2020-01-20,5704.0,2303,8007.0
2020-01-21,5703.0,2306,8009.0
2020-01-22,5684.0,2305,7989.0
2020-01-23,5612.0,2301,7913.0
2020-01-24,5596.0,2303,7899.0
2020-01-25,5603.0,2300,7903.0
2020-01-26,5651.0,2305,7956.0
2020-01-27,5659.0,2304,7963.0
2020-01-28,5678.0,2310,7988.0
2020-01-29,5635.0,2319,7954.0
2020-01-30,5565.0,2321,7886.0
2020-01-31,5582.0,2313,7895.0
2020-02-01,5603.0,2316,7919.0
2020-02-02,5674.0,2332,8006.0
2020-02-03,5672.0,2338,8010.0
2020-02-04,5642.0,2340,7982.0
2020-02-05,5629.0,2355,7984.0
2020-02-06,5603.0,2367,7970.0
2020-02-07,5653.0,2373,8026.0
2020-02-08,5682.0,2375,8057.0
2020-02-09,5737.0,2389,8126.0
2020-02-10,5771.0,2401,8172.0
2020-02-11,5736.0,2395,8131.0
2020-02-12,5723.0,2388,8111.0
2020-02-13,5718.0,2415,8133.0
2020-02-14,5700.0,2403,8103.0
2020-02-15,5687.0,2412,8099.0
2020-02-16,5725.0,2412,8137.0
2020-02-17,5789.0,2414,8203.0
2020-02-18,5762.0,2415,8177.0
2020-02-19,5746.0,2413,8159.0
2020-02-20,5657.0,2403,8060.0
2020-02-21,5645.0,2403,8048.0
2020-02-22,5639.0,2401,8040.0
2020-02-23,5683.0,2411,8094.0
2020-02-24,5714.0,2415,8129.0
2020-02-25,5689.0,2417,8106.0
2020-02-26,5675.0,2415,8090.0
2020-02-27,5585.0,2411,7996.0
2020-02-28,5541.0,2416,7957.0
2020-02-29,5555.0,2411,7966.0
2020-03-01,5604.0,2417,8021.0
2020-03-02,5615.0,2420,8035.0
2020-03-03,5665.0,2423,8088.0
2020-03-04,5650.0,2419,8069.0
2020-03-05,5627.0,2411,8038.0
2020-03-06,5592.0,2408,8000.0
2020-03-07,5591.0,2402,7993.0
2020-03-08,5642.0,2414,8056.0
2020-03-09,5710.0,2430,8140.0
2020-03-10,5680.0,2438,8118.0
2020-03-11,5639.0,2428,8067.0
2020-03-12,5579.0,2426,8005.0
2020-03-13,5576.0,2422,7998.0
2020-03-14,5595.0,2425,8020.0
2020-03-15,5642.0,2422,8064.0
2020-03-16,5622.0,2451,8073.0
2020-03-17,5588.0,2446,8034.0
2020-03-18,5593.0,2442,8035.0
2020-03-19,5567.0,2450,8017.0
2020-03-20,5491.0,2454,7945.0
2020-03-21,5433.0,2458,7891.0
2020-03-22,5440.0,2454,7894.0
2020-03-23,5427.0,2461,7888.0
2020-03-24,5355.0,2450,7805.0
2020-03-25,5306.0,2457,7763.0
2020-03-26,5185.0,2466,7651.0
2020-03-27,5003.0,2491,7494.0
2020-03-28,4889.0,2543,7432.0
2020-03-29,4802.0,2590,7392.0
2020-03-30,4812.0,2594,7406.0
2020-03-31,4767.0,2607,7374.0
2020-04-01,4727.0,2586,7313.0
2020-04-02,4711.0,2590,7301.0
2020-04-03,4661.0,2597,7258.0
2020-04-04,4608.0,2621,7229.0
2020-04-05,4547.0,2640,7187.0
2020-04-06,4567.0,2647,7214.0
2020-04-07,4547.0,2656,7203.0
2020-04-08,4508.0,2669,7177.0
2020-04-09,4463.0,2682,7145.0
2020-04-10,4435.0,2695,7130.0
2020-04-11,4396.0,2722,7118.0
2020-04-12,4368.0,2749,7117.0
2020-04-13,4367.0,2755,7122.0
2020-04-14,4348.0,2761,7109.0
2020-04-15,4322.0,2846,7168.0
2020-04-16,4276.0,2870,7146.0
2020-04-17,4233.0,2904,7137.0
2020-04-18,4210.0,2928,7138.0
2020-04-19,4223.0,2946,7169.0
2020-04-20,4235.0,2955,7190.0
2020-04-21,4217.0,2963,7180.0
2020-04-22,4196.0,2970,7166.0
2020-04-23,4178.0,2979,7157.0
2020-04-24,4155.0,2997,7152.0
2020-04-25,4143.0,3001,7144.0
2020-04-26,4138.0,3034,7172.0
2020-04-27,4168.0,3047,7215.0
2020-04-28,4146.0,3068,7214.0
2020-04-29,4124.0,3080,7204.0
2020-04-30,4099.0,3101,7200.0
2020-05-01,4071.0,3117,7188.0
2020-05-02,4064.0,3129,7193.0
2020-05-03,4065.0,3128,7193.0
2020-05-04,4079.0,3161,7240.0
2020-05-05,4066.0,3168,7234.0
2020-05-06,4052.0,3179,7231.0
2020-05-07,4064.0,3163,7227.0
2020-05-08,4060.0,3149,7209.0
2020-05-09,4031.0,3163,7194.0
2020-05-10,4041.0,3174,7215.0
2020-05-11,4052.0,3183,7235.0
2020-05-12,4056.0,3179,7235.0
2020-05-13,4047.0,3177,7224.0
2020-05-14,4057.0,3178,7235.0
2020-05-15,4061.0,3186,7247.0
2020-05-16,4061.0,3184,7245.0
2020-05-17,4069.0,3191,7260.0
2020-05-18,4101.0,3190,7291.0
2020-05-19,4096.0,3188,7284.0
2020-05-20,4105.0,3181,7286.0
2020-05-21,4096.0,3166,7262.0
2020-05-22,4123.0,3179,7302.0
2020-05-23,4129.0,3180,7309.0
2020-05-24,4175.0,3194,7369.0
2020-05-25,4213.0,3188,7401.0
2020-05-26,4260.0,3185,7445.0
2020-05-27,4268.0,3197,7465.0
2020-05-28,4278.0,3197,7475.0
2020-05-29,4281.0,3205,7486.0
2020-05-30,4295.0,3209,7504.0
2020-05-31,4330.0,3215,7545.0
2020-06-01,4383.0,3211,7594.0
2020-06-02,4419.0,3216,7635.0
2020-06-03,4464.0,3219,7683.0
2020-06-04,4528.0,3224,7752.0
2020-06-05,4480.0,3253,7733.0
2020-06-06,4466.0,3271,7737.0
2020-06-07,4484.0,3290,7774.0
2020-06-08,4490.0,3295,7785.0
2020-06-09,4477.0,3322,7799.0
2020-06-10,4490.0,3331,7821.0
2020-06-11,4481.0,3345,7826.0
2020-06-12,4480.0,3347,7827.0
2020-06-13,4478.0,3352,7830.0
2020-06-14,4493.0,3357,7850.0
2020-06-15,4515.0,3354,7869.0
2020-06-16,4525.0,3354,7879.0
2020-06-17,4517.0,3365,7882.0
2020-06-18,4524.0,3352,7876.0
2020-06-19,4538.0,3351,7889.0
2020-06-20,4549.0,3342,7891.0
2020-06-21,4566.0,3347,7913.0
2020-06-22,4579.0,3348,7927.0
2020-06-23,4589.0,3348,7937.0
2020-06-24,4590.0,3338,7928.0
2020-06-25,4597.0,3327,7924.0
2020-06-26,4608.0,3324,7932.0
2020-06-27,4593.0,3319,7912.0
2020-06-28,4601.0,3335,7936.0
2020-06-29,4603.0,3336,7939.0
2020-06-30,4617.0,3333,7950.0
2020-07-01,4618.0,3340,7958.0
2020-07-02,4615.0,3331,7946.0
2020-07-03,4616.0,3329,7945.0
2020-07-04,4628.0,3315,7943.0
2020-07-05,4669.0,3331,8000.0
2020-07-06,4728.0,3331,8059.0
2020-07-07,4741.0,3325,8066.0
2020-07-08,4745.0,3319,8064.0
2020-07-09,4725.0,3332,8057.0
2020-07-10,4746.0,3317,8063.0
2020-07-11,4746.0,3313,8059.0
2020-07-12,4795.0,3324,8119.0
2020-07-13,4834.0,3309,8143.0
2020-07-14,4831.0,3317,8148.0
2020-07-15,4814.0,3318,8132.0
2020-07-16,4838.0,3309,8147.0
2020-07-17,4834.0,3305,8139.0
2020-07-18,4816.0,3311,8127.0
2020-07-19,4865.0,3313,8178.0
2020-07-20,4886.0,3320,8206.0
2020-07-21,4895.0,3317,8212.0
2020-07-22,4869.0,3322,8191.0
2020-07-23,4872.0,3324,8196.0
2020-07-24,4876.0,3322,8198.0
2020-07-25,4861.0,3320,8181.0
2020-07-26,4892.0,3330,8222.0
2020-07-27,4916.0,3342,8258.0
2020-07-28,4901.0,3343,8244.0
2020-07-29,4872.0,3338,8210.0
2020-07-30,4882.0,3332,8214.0
2020-07-31,4891.0,3309,8200.0
2020-08-01,4880.0,3323,8203.0
2020-08-02,4929.0,3336,8265.0
2020-08-03,4968.0,3344,8312.0
2020-08-04,4923.0,3325,8248.0
2020-08-05,4926.0,3338,8264.0
2020-08-06,4917.0,3319,8236.0
2020-08-07,4909.0,3310,8219.0
2020-08-08,4876.0,3319,8195.0
2020-08-09,4899.0,3324,8223.0
2020-08-10,4960.0,3313,8273.0
2020-08-11,4922.0,3317,8239.0
2020-08-12,4936.0,3307,8243.0
2020-08-13,4952.0,3305,8257.0
2020-08-14,4957.0,3299,8256.0
2020-08-15,4957.0,3297,8254.0
2020-08-16,5010.0,3307,8317.0
2020-08-17,5033.0,3314,8347.0
2020-08-18,5062.0,3314,8376.0
2020-08-19,5044.0,3283,8327.0
2020-08-20,5042.0,3284,8326.0
2020-08-21,5040.0,3270,8310.0
2020-08-22,5027.0,3272,8299.0
2020-08-23,5070.0,3272,8342.0
2020-08-24,5118.0,3278,8396.0
2020-08-25,5141.0,3266,8407.0
2020-08-26,5159.0,3271,8430.0
2020-08-27,5166.0,3254,8420.0
2020-08-28,5144.0,3251,8395.0
2020-08-29,5128.0,3250,8378.0
2020-08-30,5204.0,3252,8456.0
2020-08-31,5242.0,3260,8502.0
2020-09-01,5214.0,3259,8473.0
2020-09-02,5189.0,3262,8451.0
2020-09-03,5180.0,3264,8444.0
2020-09-04,5159.0,3257,8416.0
2020-09-05,5166.0,3254,8420.0
2020-09-06,5222.0,3265,8487.0
2020-09-07,5282.0,3276,8558.0
2020-09-08,5300.0,3279,8579.0
2020-09-09,5306.0,3270,8576.0
2020-09-10,5282.0,3257,8539.0
2020-09-11,5304.0,3253,8557.0
2020-09-12,5306.0,3235,8541.0
2020-09-13,5360.0,3245,8605.0
2020-09-14,5360.0,3256,8616.0
2020-09-15,5314.0,3241,8555.0
2020-09-16,5332.0,3229,8561.0
2020-09-17,5317.0,3225,8542.0
2020-09-18,5321.0,3231,8552.0
2020-09-19,5322.0,3240,8562.0
2020-09-20,5363.0,3250,8613.0
2020-09-21,5370.0,3269,8639.0
2020-09-22,5338.0,3257,8595.0
2020-09-23,5319.0,3250,8569.0
2020-09-24,5280.0,3236,8516.0
2020-09-25,5245.0,3230,8475.0
2020-09-26,5270.0,3230,8500.0
2020-09-27,5299.0,3244,8543.0
2020-09-28,5329.0,3249,8578.0
2020-09-29,5344.0,3230,8574.0
2020-09-30,5339.0,3242,8581.0
2020-10-01,5314.0,3235,8549.0
2020-10-02,5301.0,3232,8533.0
2020-10-03,5312.0,3218,8530.0
2020-10-04,5346.0,3232,8578.0
2020-10-05,5357.0,3243,8600.0
2020-10-06,5345.0,3218,8563.0
2020-10-07,5321.0,3203,8524.0
2020-10-08,5297.0,3202,8499.0
2020-10-09,5295.0,3192,8487.0
2020-10-10,5329.0,3197,8526.0
2020-10-11,5380.0,3214,8594.0
2020-10-12,5424.0,3231,8655.0
2020-10-13,5484.0,3242,8726.0
2020-10-14,5411.0,3240,8651.0
2020-10-15,5428.0,3248,8676.0
2020-10-16,5381.0,3257,8638.0
2020-10-17,5382.0,3271,8653.0
2020-10-18,5416.0,3283,8699.0
2020-10-19,5444.0,3301,8745.0
2020-10-20,5438.0,3294,8732.0
2020-10-21,5400.0,3296,8696.0
2020-10-22,5373.0,3292,8665.0
2020-10-23,5367.0,3294,8661.0
2020-10-24,5364.0,3294,8658.0
2020-10-25,5393.0,3314,8707.0
2020-10-26,5440.0,3320,8760.0
2020-10-27,5428.0,3313,8741.0
2020-10-28,5434.0,3312,8746.0
2020-10-29,5461.0,3304,8765.0
2020-10-30,5421.0,3308,8729.0
2020-10-31,5396.0,3310,8706.0
2020-11-01,5439.0,3316,8755.0
2020-11-02,5459.0,3317,8776.0
2020-11-03,5451.0,3313,8764.0
2020-11-04,5454.0,3321,8775.0
2020-11-05,5442.0,3308,8750.0
2020-11-06,5394.0,3297,8691.0
2020-11-07,5391.0,3285,8676.0
2020-11-08,5442.0,3300,8742.0
2020-11-09,5471.0,3314,8785.0
2020-11-10,5444.0,3300,8744.0
2020-11-11,5429.0,3301,8730.0
2020-11-12,5459.0,3307,8766.0
2020-11-13,5470.0,3292,8762.0
2020-11-14,5451.0,3290,8741.0
2020-11-15,5492.0,3302,8794.0
2020-11-16,5515.0,3321,8836.0
2020-11-17,5518.0,3311,8829.0
2020-11-18,5515.0,3303,8818.0
2020-11-19,5529.0,3284,8813.0
2020-11-20,5511.0,3276,8787.0
2020-11-21,5501.0,3277,8778.0
2020-11-22,5531.0,3294,8825.0
2020-11-23,5556.0,3313,8869.0
2020-11-24,5509.0,3308,8817.0
2020-11-25,5446.0,3322,8768.0
2020-11-26,5441.0,3335,8776.0
2020-11-27,5432.0,3354,8786.0
2020-11-28,5452.0,3365,8817.0
2020-11-29,5516.0,3372,8888.0
2020-11-30,5547.0,3365,8912.0
2020-12-01,5528.0,3361,8889.0
2020-12-02,5516.0,3368,8884.0
2020-12-03,5498.0,3368,8866.0
2020-12-04,5493.0,3365,8858.0
2020-12-05,5470.0,3375,8845.0
2020-12-06,5492.0,3396,8888.0
2020-12-07,5524.0,3407,8931.0
2020-12-08,5507.0,3404,8911.0
2020-12-09,5486.0,3406,8892.0
2020-12-10,5485.0,3404,8889.0
2020-12-11,5473.0,3409,8882.0
2020-12-12,5475.0,3420,8895.0
2020-12-13,5478.0,3443,8921.0
2020-12-14,5473.0,3446,8919.0
2020-12-15,5452.0,3443,8895.0
2020-12-16,5405.0,3441,8846.0
2020-12-17,5416.0,3439,8855.0
2020-12-18,5378.0,3450,8828.0
2020-12-19,5359.0,3447,8806.0
2020-12-20,5375.0,3466,8841.0
2020-12-21,5415.0,3459,8874.0
2020-12-22,5428.0,3449,8877.0
2020-12-23,5403.0,3468,8871.0
2020-12-24,5369.0,3466,8835.0
2020-12-25,5348.0,3478,8826.0
2020-12-26,5365.0,3492,8857.0
2020-12-27,5364.0,3503,8867.0
2020-12-28,5411.0,3497,8908.0
2020-12-29,5420.0,3491,8911.0
2020-12-30,5310.0,3499,8809.0
2020-12-31,5388.0,3516,8904.0
2021-01-01,5386.0,3523,8909.0
2021-01-02,5434.0,3539,8973.0
2021-01-03,5470.0,3553,9023.0
2021-01-04,5493.0,3573,9066.0
2021-01-05,5465.0,3577,9042.0
2021-01-06,5431.0,3585,9016.0
2021-01-07,5453.0,3579,9032.0
2021-01-08,5422.0,3583,9005.0
2021-01-09,5420.0,3584,9004.0
2021-01-10,5447.0,3603,9050.0
2021-01-11,5465.0,3617,9082.0
2021-01-12,5455.0,3617,9072.0
2021-01-13,5417.0,3619,9036.0
2021-01-14,5420.0,3614,9034.0
2021-01-15,5398.0,3627,9025.0
2021-01-16,5363.0,3627,8990.0
2021-01-17,5387.0,3649,9036.0
2021-01-18,5391.0,3667,9058.0
2021-01-19,5389.0,3674,9063.0
2021-01-20,5373.0,3662,9035.0
2021-01-21,5356.0,3657,9013.0
2021-01-22,5309.0,3656,8965.0
2021-01-23,5302.0,3656,8958.0
2021-01-24,5329.0,3667,8996.0
2021-01-25,5359.0,3669,9028.0
2021-01-26,5361.0,3660,9021.0
2021-01-27,5324.0,3665,8989.0
2021-01-28,5327.0,3651,8978.0
2021-01-29,5330.0,3645,8975.0
2021-02-01,5352.0,3650,9002.0
2021-02-02,5326.0,3633,8959.0
2021-02-03,5338.0,3632,8970.0
2021-02-04,5361.0,3628,8989.0
2021-02-05,5345.0,3633,8978.0
2021-02-06,5343.0,3640,8983.0
2021-02-07,5353.0,3661,9014.0
2021-02-08,5377.0,3674,9051.0
2021-02-09,5376.0,3665,9041.0
2021-02-10,5358.0,3652,9010.0
2021-02-11,5358.0,3643,9001.0
2021-02-12,5368.0,3630,8998.0
2021-02-13,5387.0,3647,9034.0
2021-02-14,5427.0,3650,9077.0
2021-02-15,5437.0,3662,9099.0
2021-02-16,5470.0,3664,9134.0
2021-02-17,5436.0,3674,9110.0
2021-02-18,5411.0,3661,9072.0
2021-02-19,5396.0,3657,9053.0
2021-02-20,5408.0,3647,9055.0
2021-02-21,5439.0,3667,9106.0
2021-02-22,5435.0,3678,9113.0
2021-02-23,5435.0,3659,9094.0
2021-02-24,5411.0,3661,9072.0
2021-02-25,5414.0,3669,9083.0
2021-02-26,5411.0,3665,9076.0
2021-03-01,5487.0,3688,9175.0
2021-03-02,5514.0,3692,9206.0
2021-03-03,5529.0,3687,9216.0
2021-03-04,5509.0,3689,9198.0
2021-03-05,5502.0,3698,9200.0
2021-03-06,5489.0,3695,9184.0
2021-03-07,5515.0,3704,9219.0
2021-03-08,5554.0,3701,9255.0
2021-03-09,5549.0,3686,9235.0
2021-03-10,5533.0,3685,9218.0
2021-03-11,5516.0,3677,9193.0
2021-03-12,5515.0,3665,9180.0
2021-03-13,5520.0,3653,9173.0
2021-03-14,5573.0,3662,9235.0
2021-03-15,5585.0,3665,9250.0
2021-03-16,5573.0,3656,9229.0
2021-03-17,5531.0,3646,9177.0
2021-03-18,5535.0,3646,9181.0
2021-03-19,5527.0,3634,9161.0
2021-03-20,5543.0,3633,9176.0
2021-03-21,5568.0,3654,9222.0
2021-03-22,5595.0,3659,9254.0
2021-03-23,5610.0,3659,9269.0
2021-03-24,5613.0,3654,9267.0
2021-03-25,5622.0,3635,9257.0
2021-03-26,5610.0,3631,9241.0
2021-03-27,5606.0,3626,9232.0
2021-03-28,5620.0,3637,9257.0
2021-03-29,5658.0,3642,9300.0
2021-03-30,5687.0,3635,9322.0
2021-03-31,5690.0,3643,9333.0
2021-04-01,5692.0,3637,9329.0
2021-04-02,5671.0,3637,9308.0
2021-04-03,5689.0,3637,9326.0
2021-04-04,5704.0,3657,9361.0
2021-04-05,5758.0,3670,9428.0
2021-04-06,5761.0,3659,9420.0
2021-04-07,5729.0,3662,9391.0
2021-04-08,5724.0,3643,9367.0
2021-04-09,5730.0,3641,9371.0
2021-04-10,5708.0,3646,9354.0
2021-04-11,5761.0,3656,9417.0
2021-04-12,5782.0,3660,9442.0
2021-04-13,5778.0,3649,9427.0
2021-04-14,5756.0,3650,9406.0
2021-04-15,5725.0,3640,9365.0
2021-04-16,5703.0,3632,9335.0
2021-04-17,5707.0,3622,9329.0
2021-04-18,5727.0,3640,9367.0
2021-04-19,5731.0,3657,9388.0
2021-04-20,5702.0,3642,9344.0
2021-04-21,5670.0,3644,9314.0
2021-04-22,5645.0,3633,9278.0
2021-04-23,5625.0,3632,9257.0
2021-04-24,5614.0,3625,9239.0
2021-04-25,5647.0,3630,9277.0
2021-04-26,5673.0,3631,9304.0
2021-04-27,5678.0,3612,9290.0
2021-04-28,5672.0,3597,9269.0
2021-04-29,5665.0,3584,9249.0
2021-04-30,5642.0,3579,9221.0
2021-05-01,5644.0,3576,9220.0
2021-05-02,5676.0,3595,9271.0
2021-05-03,5690.0,3603,9293.0
2021-05-04,5703.0,3601,9304.0
2021-05-05,5700.0,3591,9291.0
2021-05-06,5680.0,3581,9261.0
2021-05-07,5664.0,3588,9252.0
2021-05-08,5660.0,3590,9250.0
2021-05-09,5700.0,3604,9304.0
2021-05-10,5719.0,3605,9324.0
2021-05-11,5694.0,3589,9283.0
2021-05-12,5655.0,3585,9240.0
2021-05-13,5658.0,3572,9230.0
2021-05-14,5645.0,3557,9202.0
2021-05-15,5648.0,3545,9193.0
2021-05-16,5698.0,3548,9246.0
2021-05-17,5709.0,3563,9272.0
2021-05-18,5699.0,3556,9255.0
2021-05-19,5698.0,3546,9244.0
2021-05-20,5698.0,3531,9229.0
2021-05-21,5690.0,3535,9225.0
2021-05-22,5688.0,3532,9220.0
2021-05-23,5746.0,3536,9282.0
2021-05-24,5784.0,3538,9322.0
2021-05-25,5811.0,3527,9338.0
2021-05-26,5811.0,3522,9333.0
2021-05-27,5789.0,3516,9305.0
2021-05-28,5784.0,3511,9295.0
2021-06-01,5899.0,3515,9414.0
2021-06-02,5882.0,3499,9381.0
2021-06-03,5843.0,3485,9328.0
2021-06-04,5830.0,3485,9315.0
2021-06-05,5842.0,3489,9331.0
2021-06-06,5849.0,3501,9350.0
2021-06-07,5883.0,3503,9386.0
2021-06-08,5886.0,3499,9385.0
2021-06-09,5865.0,3489,9354.0
2021-06-10,5844.0,3483,9327.0
2021-06-11,5841.0,3474,9315.0
2021-06-12,5839.0,3469,9308.0
2021-06-13,5858.0,3494,9352.0
2021-06-14,5877.0,3500,9377.0
2021-06-15,5876.0,3484,9360.0
2021-06-16,5853.0,3469,9322.0
2021-06-17,5843.0,3454,9297.0
2021-06-18,5837.0,3456,9293.0
2021-06-19,5879.0,3467,9346.0
2021-06-20,5945.0,3479,9424.0
2021-06-21,5962.0,3482,9444.0
2021-06-22,5997.0,3478,9475.0
2021-06-23,5946.0,3474,9420.0
2021-06-24,5934.0,3471,9405.0
2021-06-25,5919.0,3471,9390.0
2021-06-26,5918.0,3464,9382.0
2021-06-27,5937.0,3486,9423.0
2021-06-28,5924.0,3496,9420.0
2021-06-29,5913.0,3499,9412.0
2021-06-30,5907.0,3497,9404.0
2021-07-01,5851.0,3493,9344.0
2021-07-02,5835.0,3480,9315.0
2021-07-03,5847.0,3483,9330.0
2021-07-04,5888.0,3498,9386.0
2021-07-05,5930.0,3512,9442.0
2021-07-06,5955.0,3519,9474.0
2021-07-07,5936.0,3520,9456.0
2021-07-08,5909.0,3508,9417.0
2021-07-09,5882.0,3500,9382.0
2021-07-10,5898.0,3491,9389.0
2021-07-11,5947.0,3504,9451.0
2021-07-12,5968.0,3507,9475.0
2021-07-13,5955.0,3495,9450.0
2021-07-14,5946.0,3485,9431.0
2021-07-15,5890.0,3476,9366.0
2021-07-16,5863.0,3461,9324.0
2021-07-17,5860.0,3462,9322.0
2021-07-18,5900.0,3468,9368.0
2021-07-19,5933.0,3471,9404.0
2021-07-20,5916.0,3465,9381.0
2021-07-21,5886.0,3450,9336.0
2021-07-22,5903.0,3436,9339.0
2021-07-23,5896.0,3426,9322.0
2021-07-24,5902.0,3419,9321.0
2021-07-25,5942.0,3419,9361.0
2021-07-26,5976.0,3429,9405.0
2021-07-27,5954.0,3409,9363.0
2021-07-28,5968.0,3403,9371.0
2021-07-29,5977.0,3403,9380.0
2021-07-30,5963.0,3376,9339.0
2021-08-01,5992.0,3392,9384.0
2021-08-02,6000.0,3403,9403.0
2021-08-03,6008.0,3377,9385.0
2021-08-04,5996.0,3357,9353.0
2021-08-05,5974.0,3345,9319.0
2021-08-06,6011.0,3325,9336.0
2021-08-07,5993.0,3320,9313.0
2021-08-08,6047.0,3330,9377.0
2021-08-09,6044.0,3337,9381.0
2021-08-10,6047.0,3323,9370.0
2021-08-11,5974.0,3321,9295.0
2021-08-12,5973.0,3307,9280.0
2021-08-13,5912.0,3305,9217.0
2021-08-14,5926.0,3308,9234.0
2021-08-15,5956.0,3319,9275.0
2021-08-16,5991.0,3323,9314.0
2021-08-17,5997.0,3310,9307.0
2021-08-18,5961.0,3297,9258.0
2021-08-19,5860.0,3285,9145.0
2021-08-20,5840.0,3282,9122.0
2021-08-21,5818.0,3261,9079.0
2021-08-22,5848.0,3275,9123.0
2021-08-23,5869.0,3277,9146.0
2021-08-24,5824.0,3262,9086.0
2021-08-25,5749.0,3261,9010.0
2021-08-26,5759.0,3231,8990.0
2021-08-27,5753.0,3214,8967.0
2021-08-28,5763.0,3208,8971.0
2021-08-29,5786.0,3212,8998.0
2021-08-30,5753.0,3209,8962.0
2021-08-31,5683.0,3189,8872.0
2021-09-01,5628.0,3167,8795.0
2021-09-02,5576.0,3146,8722.0
2021-09-03,5479.0,3150,8629.0
2021-09-04,5487.0,3154,8641.0
2021-09-05,5519.0,3165,8684.0
2021-09-06,5553.0,3184,8737.0
2021-09-07,5611.0,3184,8795.0
2021-09-08,5593.0,3173,8766.0
2021-09-09,5593.0,3158,8751.0
2021-09-10,5615.0,3161,8776.0
2021-09-11,5594.0,3153,8747.0
2021-09-12,5628.0,3164,8792.0
2021-09-13,5656.0,3169,8825.0
2021-09-14,5655.0,3156,8811.0
2021-09-15,5627.0,3135,8762.0
2021-09-16,5602.0,3124,8726.0
2021-09-17,5617.0,3110,8727.0
2021-09-18,5630.0,3106,8736.0
2021-09-19,5665.0,3112,8777.0
2021-09-20,5694.0,3112,8806.0
2021-09-21,5696.0,3098,8794.0
2021-09-22,5652.0,3085,8737.0
2021-09-23,5667.0,3056,8723.0
2021-09-24,5657.0,3051,8708.0
2021-09-25,5671.0,3044,8715.0
2021-09-26,5720.0,3047,8767.0
2021-09-27,5752.0,3055,8807.0
2021-09-28,5722.0,3043,8765.0
2021-09-29,5700.0,3043,8743.0
2021-10-01,5637.0,3013,8650.0
2021-10-02,5650.0,3002,8652.0
2021-10-03,5689.0,3005,8694.0
2021-10-04,5712.0,3009,8721.0
2021-10-05,5696.0,2988,8684.0
2021-10-06,5688.0,2979,8667.0
2021-10-07,5676.0,2965,8641.0
2021-10-08,5671.0,2950,8621.0
2021-10-09,5662.0,2946,8608.0
2021-10-10,5686.0,2955,8641.0
2021-10-11,5712.0,2967,8679.0
2021-10-12,5745.0,2962,8707.0
2021-10-13,5733.0,2952,8685.0
2021-10-14,5740.0,2935,8675.0
2021-10-15,5733.0,2930,8663.0
2021-10-16,5720.0,2933,8653.0
2021-10-17,5726.0,2952,8678.0
2021-10-18,5754.0,2960,8714.0
2021-10-19,5762.0,2947,8709.0
2021-10-20,5742.0,2930,8672.0
2021-10-21,5722.0,2918,8640.0
2021-10-22,5699.0,2915,8614.0
2021-10-23,5703.0,2916,8619.0
2021-10-24,5744.0,2928,8672.0
2021-10-25,5798.0,2928,8726.0
2021-10-26,5764.0,2918,8682.0
2021-10-27,5732.0,2911,8643.0
2021-10-28,5760.0,2910,8670.0
2021-10-29,5690.0,2909,8599.0
2021-11-01,5777.0,2906,8683.0
2021-11-02,5795.0,2881,8676.0
2021-11-03,5774.0,2881,8655.0
2021-11-04,5776.0,2867,8643.0
2021-11-05,5773.0,2857,8630.0
2021-11-06,5804.0,2850,8654.0
2021-11-07,5818.0,2857,8675.0
2021-11-08,5846.0,2858,8704.0
2021-11-09,5828.0,2845,8673.0
2021-11-10,5772.0,2839,8611.0
2021-11-11,5809.0,2827,8636.0
2021-11-12,5807.0,2837,8644.0
2021-11-13,5808.0,2834,8642.0
2021-11-14,5846.0,2838,8684.0
2021-11-15,5864.0,2849,8713.0
2021-11-16,5876.0,2840,8716.0
2021-11-17,5827.0,2832,8659.0
2021-11-18,5797.0,2812,8609.0
2021-11-19,5768.0,2803,8571.0
2021-11-20,5778.0,2794,8572.0
2021-11-21,5825.0,2799,8624.0
2021-11-22,5846.0,2808,8654.0
2021-11-23,5831.0,2798,8629.0
2021-11-24,5809.0,2789,8598.0
2021-11-25,5823.0,2795,8618.0
2021-11-26,5866.0,2797,8663.0
2021-11-27,5887.0,2802,8689.0
2021-11-28,5921.0,2810,8731.0
2021-11-29,5949.0,2819,8768.0
2021-11-30,5936.0,2803,8739.0
2021-12-01,5879.0,2804,8683.0
2021-12-02,5845.0,2780,8625.0
2021-12-03,5797.0,2774,8571.0
2021-12-04,5863.0,2755,8618.0
2021-12-05,5902.0,2760,8662.0
2021-12-06,5928.0,2776,8704.0
2021-12-07,5873.0,2764,8637.0
2021-12-08,5823.0,2752,8575.0
2021-12-09,5753.0,2743,8496.0
2021-12-10,5643.0,2735,8378.0
2021-12-11,5639.0,2725,8364.0
2021-12-12,5701.0,2731,8432.0
2021-12-13,5669.0,2740,8409.0
2021-12-14,5697.0,2725,8422.0
2021-12-15,5664.0,2715,8379.0
2021-12-16,5632.0,2709,8341.0
2021-12-17,5619.0,2699,8318.0
2021-12-18,5624.0,2689,8313.0
2021-12-19,5648.0,2701,8349.0
2021-12-20,5678.0,2706,8384.0
2021-12-21,5689.0,2681,8370.0
2021-12-22,5649.0,2680,8329.0
2021-12-23,5608.0,2675,8283.0
2021-12-24,5604.0,2673,8277.0
2021-12-25,5610.0,2679,8289.0
2021-12-26,5655.0,2690,8345.0
2021-12-27,5670.0,2686,8356.0
2021-12-28,5630.0,2685,8315.0
2021-12-29,5600.0,2685,8285.0
2021-12-30,5619.0,2675,8294.0
2022-01-01,5654.0,2668,8322.0
2022-01-02,5702.0,2672,8374.0
2022-01-03,5722.0,2673,8395.0
2022-01-04,5741.0,2661,8402.0
2022-01-05,5738.0,2655,8393.0
2022-01-06,5751.0,2640,8391.0
2022-01-07,5760.0,2631,8391.0
2022-01-08,5770.0,2624,8394.0
2022-01-09,5802.0,2633,8435.0
2022-01-10,5811.0,2639,8450.0
2022-01-11,5834.0,2628,8462.0
2022-01-12,5848.0,2621,8469.0
2022-01-13,5849.0,2598,8447.0
2022-01-14,5857.0,2592,8449.0
2022-01-15,5872.0,2592,8464.0
2022-01-16,5910.0,2596,8506.0
2022-01-17,5957.0,2602,8559.0
2022-01-18,5975.0,2603,8578.0
2022-01-19,5966.0,2595,8561.0
2022-01-20,5962.0,2587,8549.0
2022-01-21,5957.0,2583,8540.0
2022-01-22,5966.0,2578,8544.0
2022-01-23,5991.0,2588,8579.0
2022-01-24,6036.0,2589,8625.0
2022-01-25,6010.0,2581,8591.0
2022-01-26,5988.0,2570,8558.0
2022-01-27,5955.0,2559,8514.0
2022-01-28,5970.0,2550,8520.0
2022-01-29,5983.0,2548,8531.0
2022-01-30,6016.0,2546,8562.0
2022-02-01,6006.0,2537,8543.0
2022-02-02,6021.0,2538,8559.0
2022-02-03,5987.0,2536,8523.0
2022-02-04,5986.0,2536,8522.0
2022-02-05,5984.0,2543,8527.0
2022-02-06,6024.0,2553,8577.0
2022-02-07,6038.0,2560,8598.0
2022-02-08,6002.0,2557,8559.0
2022-02-09,5941.0,2558,8499.0
2022-02-10,5937.0,2550,8487.0
2022-02-11,5954.0,2535,8489.0
2022-02-12,5993.0,2542,8535.0
2022-02-13,6042.0,2546,8588.0
2022-02-14,6078.0,2553,8631.0
2022-02-15,6026.0,2541,8567.0
2022-02-16,6034.0,2534,8568.0
2022-02-17,6006.0,2518,8524.0
2022-02-18,5998.0,2514,8512.0
2022-02-19,5995.0,2512,8507.0
2022-02-20,6044.0,2522,8566.0
2022-02-21,6069.0,2535,8604.0
2022-02-22,6052.0,2546,8598.0
2022-02-23,6060.0,2551,8611.0
2022-02-24,6029.0,2532,8561.0
2022-02-25,6035.0,2528,8563.0
2022-02-26,6049.0,2520,8569.0
2022-02-27,6088.0,2535,8623.0
2022-02-28,6095.0,2544,8639.0
2022-03-01,6048.0,2545,8593.0
2022-03-02,6030.0,2533,8563.0
2022-03-03,6060.0,2519,8579.0
2022-03-04,6040.0,2515,8555.0
2022-03-05,6058.0,2506,8564.0
2022-03-06,6117.0,2510,8627.0
2022-03-07,6158.0,2520,8678.0
2022-03-08,6119.0,2520,8639.0
2022-03-09,6059.0,2508,8567.0
2022-03-10,6031.0,2493,8524.0
2022-03-11,6050.0,2484,8534.0
2022-03-12,6054.0,2484,8538.0
2022-03-13,6100.0,2492,8592.0
2022-03-14,6137.0,2497,8634.0
2022-03-15,6072.0,2500,8572.0
2022-03-16,6025.0,2488,8513.0
2022-03-17,6019.0,2479,8498.0
2022-03-18,6044.0,2474,8518.0
2022-03-19,6035.0,2470,8505.0
2022-03-20,6067.0,2483,8550.0
2022-03-21,6094.0,2488,8582.0
2022-03-22,6058.0,2466,8524.0
2022-03-23,5997.0,2443,8440.0
2022-03-24,6034.0,2440,8474.0
2022-03-25,6030.0,2443,8473.0
2022-03-26,6034.0,2429,8463.0
2022-03-27,6073.0,2437,8510.0
2022-03-28,6093.0,2443,8536.0
2022-03-29,6066.0,2428,8494.0
2022-03-30,6073.0,2419,8492.0
2022-03-31,6030.0,2409,8439.0
2022-04-01,6014.0,2410,8424.0
2022-04-02,5999.0,2415,8414.0
2022-04-03,6052.0,2414,8466.0
2022-04-04,6023.0,2420,8443.0
2022-04-05,5966.0,2416,8382.0
2022-04-06,5901.0,2421,8322.0
2022-04-07,5856.0,2415,8271.0
2022-04-08,5802.0,2415,8217.0
2022-04-09,5803.0,2425,8228.0
2022-04-10,5862.0,2425,8287.0
2022-04-11,5826.0,2428,8254.0
2022-04-12,5775.0,2407,8182.0
2022-04-13,5719.0,2406,8125.0
2022-04-14,5677.0,2391,8068.0
2022-04-15,5679.0,2383,8062.0
2022-04-16,5680.0,2395,8075.0
2022-04-17,5717.0,2391,8108.0
2022-04-18,5685.0,2394,8079.0
2022-04-19,5703.0,2385,8088.0
2022-04-20,5637.0,2375,8012.0
2022-04-21,5575.0,2370,7945.0
2022-04-22,5531.0,2364,7895.0
2022-04-23,5547.0,2360,7907.0
2022-04-24,5594.0,2368,7962.0
2022-04-25,5562.0,2366,7928.0
2022-04-26,5503.0,2355,7858.0
2022-04-27,5480.0,2339,7819.0
2022-04-28,5498.0,2331,7829.0
2022-05-01,5547.0,2333,7880.0
2022-05-02,5576.0,2344,7920.0
2022-05-03,5541.0,2332,7873.0
2022-05-04,5494.0,2319,7813.0
2022-05-05,5439.0,2312,7751.0
2022-05-06,5424.0,2295,7719.0
2022-05-07,5434.0,2292,7726.0
2022-05-08,5462.0,2292,7754.0
2022-05-09,5477.0,2304,7781.0
2022-05-10,5462.0,2301,7763.0
2022-05-11,5443.0,2300,7743.0
2022-05-12,5441.0,2284,7725.0
2022-05-13,5477.0,2276,7753.0
2022-05-14,5490.0,2281,7771.0
2022-05-15,5546.0,2282,7828.0
2022-05-16,5592.0,2290,7882.0
2022-05-17,5543.0,2284,7827.0
2022-05-18,5495.0,2277,7772.0
2022-05-19,5470.0,2272,7742.0
2022-05-20,5465.0,2270,7735.0
2022-05-21,5481.0,2268,7749.0
2022-05-22,5530.0,2278,7808.0
2022-05-23,5562.0,2296,7858.0
2022-05-24,5522.0,2290,7812.0
2022-05-25,5504.0,2281,7785.0
2022-05-26,5467.0,2280,7747.0
2022-05-27,5481.0,2286,7767.0
2022-05-28,5501.0,2286,7787.0
2022-05-29,5563.0,2286,7849.0
2022-05-30,5599.0,2292,7891.0
2022-05-31,5604.0,2294,7898.0
2022-06-01,5631.0,2295,7926.0
2022-06-02,5584.0,2279,7863.0
2022-06-03,5555.0,2279,7834.0
2022-06-04,5541.0,2282,7823.0
2022-06-05,5566.0,2295,7861.0
2022-06-06,5581.0,2302,7883.0
2022-06-07,5508.0,2297,7805.0
2022-06-08,5503.0,2291,7794.0
2022-06-09,5494.0,2255,7749.0
2022-06-10,5490.0,2253,7743.0
2022-06-11,5514.0,2256,7770.0
2022-06-12,5515.0,2251,7766.0
2022-06-13,5556.0,2248,7804.0
2022-06-14,5522.0,2238,7760.0
2022-06-15,5547.0,2233,7780.0
2022-06-16,5530.0,2226,7756.0
2022-06-17,5574.0,2219,7793.0
2022-06-18,5579.0,2222,7801.0
2022-06-19,5633.0,2228,7861.0
2022-06-20,5668.0,2230,7898.0
2022-06-21,5640.0,2236,7876.0
2022-06-22,5655.0,2219,7874.0
2022-06-23,5618.0,2216,7834.0
2022-06-24,5631.0,2212,7843.0
2022-06-25,5619.0,2222,7841.0
2022-06-26,5664.0,2225,7889.0
2022-06-27,5685.0,2241,7926.0
2022-06-28,5605.0,2232,7837.0
2022-06-29,5608.0,2231,7839.0
2022-07-01,5633.0,2213,7846.0
2022-07-02,5630.0,2223,7853.0
2022-07-03,5707.0,2237,7944.0
2022-07-04,5752.0,2251,8003.0
2022-07-05,5715.0,2266,7981.0
2022-07-06,5737.0,2264,8001.0
2022-07-07,5687.0,2251,7938.0
2022-07-08,5718.0,2254,7972.0
2022-07-09,5688.0,2250,7938.0
2022-07-10,5726.0,2254,7980.0
2022-07-11,5761.0,2256,8017.0
2022-07-12,5693.0,2262,7955.0
2022-07-13,5694.0,2268,7962.0
2022-07-14,5640.0,2246,7886.0
2022-07-15,5595.0,2239,7834.0
2022-07-16,5648.0,2244,7892.0
2022-07-17,5698.0,2252,7950.0
2022-07-18,5711.0,2259,7970.0
2022-07-19,5632.0,2248,7880.0
2022-07-20,5637.0,2243,7880.0
2022-07-21,5564.0,2249,7813.0
2022-07-22,5548.0,2241,7789.0
2022-07-23,5565.0,2236,7801.0
2022-07-24,5607.0,2251,7858.0
2022-07-25,5637.0,2260,7897.0
2022-07-26,5574.0,2251,7825.0
2022-07-27,5570.0,2248,7818.0
2022-07-28,5533.0,2238,7771.0
2022-07-29,5559.0,2241,7800.0
2022-08-01,5611.0,2257,7868.0
2022-08-02,5566.0,2246,7812.0
2022-08-03,5545.0,2246,7791.0
2022-08-04,5526.0,2229,7755.0
2022-08-05,5554.0,2220,7774.0
2022-08-06,5560.0,2219,7779.0
2022-08-07,5604.0,2223,7827.0
2022-08-08,5641.0,2229,7870.0
2022-08-09,5582.0,2223,7805.0
2022-08-10,5601.0,2220,7821.0
2022-08-11,5605.0,2209,7814.0
2022-08-12,5604.0,2211,7815.0
2022-08-13,5599.0,2211,7810.0
2022-08-14,5633.0,2223,7856.0
2022-08-15,5658.0,2230,7888.0
2022-08-16,5608.0,2211,7819.0
2022-08-17,5607.0,2207,7814.0
2022-08-18,5580.0,2203,7783.0
2022-08-19,5589.0,2196,7785.0
2022-08-20,5583.0,2195,7778.0
2022-08-21,5625.0,2199,7824.0
2022-08-22,5637.0,2201,7838.0
2022-08-23,5590.0,2185,7775.0
2022-08-24,5619.0,2175,7794.0
2022-08-25,5601.0,2172,7773.0
2022-08-26,5623.0,2161,7784.0
2022-08-27,5614.0,2167,7781.0
2022-08-28,5680.0,2171,7851.0
2022-08-29,5728.0,2177,7905.0
2022-08-30,5661.0,2162,7823.0
2022-08-31,5673.0,2159,7832.0
2022-09-01,5645.0,2147,7792.0
2022-09-02,5649.0,2138,7787.0
2022-09-03,5645.0,2147,7792.0
2022-09-04,5703.0,2152,7855.0
2022-09-05,5742.0,2162,7904.0
2022-09-06,5737.0,2163,7900.0
2022-09-07,5730.0,2150,7880.0
2022-09-08,5665.0,2145,7810.0
2022-09-09,5684.0,2135,7819.0
2022-09-10,5636.0,2133,7769.0
2022-09-11,5723.0,2139,7862.0
2022-09-12,5744.0,2144,7888.0
2022-09-13,5665.0,2127,7792.0
2022-09-14,5696.0,2126,7822.0
2022-09-15,5643.0,2118,7761.0
2022-09-16,5682.0,2108,7790.0
2022-09-17,5698.0,2106,7804.0
2022-09-18,5718.0,2114,7832.0
2022-09-19,5751.0,2119,7870.0
2022-09-20,5690.0,2105,7795.0
2022-09-21,5676.0,2102,7778.0
2022-09-22,5624.0,2099,7723.0
2022-09-23,5637.0,2091,7728.0
2022-09-24,5647.0,2092,7739.0
2022-09-25,5701.0,2094,7795.0
2022-09-26,5733.0,2099,7832.0
2022-09-27,5640.0,2098,7738.0
2022-09-28,5640.0,2102,7742.0
2022-09-29,5582.0,2098,7680.0
2022-09-30,5612.0,2092,7704.0
2022-10-01,5599.0,2094,7693.0
2022-10-02,5625.0,2096,7721.0
2022-10-03,5668.0,2097,7765.0
2022-10-04,5608.0,2094,7702.0
2022-10-05,5602.0,2095,7697.0
2022-10-06,5529.0,2079,7608.0
2022-10-07,5520.0,2080,7600.0
2022-10-08,5541.0,2077,7618.0
2022-10-09,5578.0,2082,7660.0
2022-10-10,5617.0,2085,7702.0
2022-10-11,5586.0,2083,7669.0
2022-10-12,5594.0,2079,7673.0
2022-10-13,5546.0,2061,7607.0
2022-10-14,5561.0,2057,7618.0
2022-10-15,5543.0,2058,7601.0
2022-10-16,5577.0,2058,7635.0
2022-10-17,5615.0,2053,7668.0
2022-10-18,5568.0,2053,7621.0
2022-10-19,5550.0,2056,7606.0
2022-10-20,5502.0,2051,7553.0
2022-10-21,5522.0,2040,7562.0
2022-10-22,5503.0,2039,7542.0
2022-10-23,5543.0,2044,7587.0
2022-10-24,5581.0,2045,7626.0
2022-10-25,5524.0,2037,7561.0
2022-10-26,5526.0,2036,7562.0
2022-10-27,5461.0,2023,7484.0
2022-10-28,5494.0,2008,7502.0
2022-10-29,5510.0,2000,7510.0
2022-10-30,5542.0,2008,7550.0
2022-10-31,5557.0,2015,7572.0
2022-11-01,5524.0,2016,7540.0
2022-11-02,5534.0,2014,7548.0
2022-11-03,5496.0,2008,7504.0
2022-11-04,5477.0,2001,7478.0
2022-11-05,5500.0,1993,7493.0
2022-11-06,5545.0,2004,7549.0
2022-11-07,5493.0,2012,7505.0
2022-11-08,5536.0,2004,7540.0
2022-11-09,5531.0,1992,7523.0
2022-11-10,5502.0,1977,7479.0
2022-11-11,5471.0,1999,7470.0
2022-11-12,5498.0,2004,7502.0
2022-11-13,5531.0,2011,7542.0
2022-11-14,5577.0,2017,7594.0
2022-11-15,5503.0,2017,7520.0
2022-11-16,5493.0,2016,7509.0
2022-11-17,5434.0,2012,7446.0
2022-11-18,5423.0,2015,7438.0
2022-11-19,5424.0,2003,7427.0
2022-11-20,5447.0,2005,7452.0
2022-11-21,5478.0,2013,7491.0
2022-11-22,5435.0,2005,7440.0
2022-11-23,5400.0,2007,7407.0
2022-11-24,5396.0,2006,7402.0
2022-11-25,5447.0,2008,7455.0
2022-11-26,5466.0,2006,7472.0
2022-11-27,5506.0,2010,7516.0
2022-11-28,5536.0,2011,7547.0
2022-11-29,5496.0,2004,7500.0
2022-12-01,5436.0,1996,7432.0
2022-12-02,5442.0,1997,7439.0
2022-12-03,5442.0,1986,7428.0
2022-12-04,5474.0,1994,7468.0
2022-12-05,5495.0,2000,7495.0
2022-12-06,5431.0,1988,7419.0
2022-12-07,5437.0,1994,7431.0
2022-12-08,5396.0,1983,7379.0
2022-12-09,5398.0,1972,7370.0
2022-12-10,5374.0,1976,7350.0
2022-12-11,5403.0,1983,7386.0
2022-12-12,5433.0,1987,7420.0
2022-12-13,5432.0,1979,7411.0
2022-12-14,5396.0,1965,7361.0
2022-12-15,5337.0,1944,7281.0
2022-12-16,5323.0,1948,7271.0
2022-12-17,5325.0,1945,7270.0
2022-12-18,5358.0,1955,7313.0
2022-12-19,5376.0,1962,7338.0
2022-12-20,5316.0,1957,7273.0
2022-12-21,5302.0,1958,7260.0
2022-12-22,5232.0,1955,7187.0
2022-12-23,5249.0,1958,7207.0
2022-12-24,5253.0,1970,7223.0
2022-12-25,5263.0,1974,7237.0
2022-12-26,5279.0,1986,7265.0
2022-12-27,5265.0,1989,7254.0
2022-12-28,5273.0,1985,7258.0
2022-12-29,5256.0,1978,7234.0
2022-12-30,5248.0,1977,7225.0
2023-01-01,5302.0,1988,7290.0
2023-01-02,5356.0,1990,7346.0
2023-01-03,5349.0,1992,7341.0
2023-01-04,5367.0,1994,7361.0
2023-01-05,5328.0,1982,7310.0
2023-01-06,5360.0,1984,7344.0
2023-01-07,5372.0,1975,7347.0
2023-01-08,5422.0,1978,7400.0
2023-01-09,5454.0,1980,7434.0
2023-01-10,5397.0,1974,7371.0
2023-01-11,5397.0,1965,7362.0
2023-01-12,5373.0,1949,7322.0
2023-01-13,5413.0,1954,7367.0
2023-01-14,5425.0,1955,7380.0
2023-01-15,5475.0,1962,7437.0
2023-01-16,5519.0,1966,7485.0
2023-01-17,5489.0,1970,7459.0
2023-01-18,5521.0,1964,7485.0
2023-01-19,5485.0,1955,7440.0
2023-01-20,5482.0,1943,7425.0
2023-01-21,5474.0,1946,7420.0
2023-01-22,5508.0,1950,7458.0
2023-01-23,5550.0,1959,7509.0
2023-01-24,5503.0,1956,7459.0
2023-01-25,5536.0,1952,7488.0
2023-01-26,5489.0,1950,7439.0
2023-01-27,5508.0,1946,7454.0
2023-01-28,5496.0,1947,7443.0
2023-01-29,5527.0,1952,7479.0
2023-01-30,5542.0,1958,7500.0
2023-01-31,5508.0,1949,7457.0
2023-02-01,5509.0,1946,7455.0
2023-02-02,5449.0,1937,7386.0
2023-02-03,5473.0,1920,7393.0
2023-02-04,5461.0,1919,7380.0
2023-02-05,5511.0,1923,7434.0
2023-02-06,5544.0,1931,7475.0
2023-02-07,5484.0,1923,7407.0
2023-02-08,5497.0,1909,7406.0
2023-02-09,5453.0,1906,7359.0
2023-02-10,5453.0,1902,7355.0
2023-02-11,5462.0,1900,7362.0
2023-02-12,5516.0,1903,7419.0
2023-02-13,5558.0,1906,7464.0
2023-02-14,5507.0,1906,7413.0
2023-02-15,5511.0,1904,7415.0
2023-02-16,5467.0,1898,7365.0
2023-02-17,5482.0,1894,7376.0
2023-02-18,5472.0,1892,7364.0
2023-02-19,5522.0,1900,7422.0
2023-02-20,5587.0,1905,7492.0
2023-02-21,5556.0,1910,7466.0
2023-02-22,5573.0,1907,7480.0
2023-02-23,5530.0,1896,7426.0
2023-02-24,5533.0,1899,7432.0
2023-03-01,5597.0,1895,7492.0
2023-03-02,5549.0,1887,7436.0
2023-03-03,5546.0,1887,7433.0
2023-03-04,5544.0,1882,7426.0
2023-03-05,5578.0,1893,7471.0
2023-03-06,5604.0,1900,7504.0
2023-03-07,5567.0,1911,7478.0
2023-03-08,5570.0,1915,7485.0
2023-03-09,5539.0,1911,7450.0
2023-03-10,5535.0,1912,7447.0
2023-03-11,5530.0,1910,7440.0
2023-03-12,5565.0,1915,7480.0
2023-03-13,5607.0,1917,7524.0
2023-03-14,5556.0,1904,7460.0
2023-03-15,5565.0,1910,7475.0
2023-03-16,5501.0,1917,7418.0
2023-03-17,5527.0,1921,7448.0
2023-03-18,5523.0,1916,7439.0
2023-03-19,5562.0,1920,7482.0
2023-03-20,5567.0,1938,7505.0
2023-03-21,5536.0,1932,7468.0
2023-03-22,5553.0,1922,7475.0
2023-03-23,5522.0,1915,7437.0
2023-03-24,5529.0,1914,7443.0
2023-04-01,5560.0,1891,7451.0
2023-04-02,5584.0,1896,7480.0
2023-04-03,5652.0,1905,7557.0
2023-04-04,5576.0,1909,7485.0
2023-04-05,5559.0,1912,7471.0
2023-04-06,5497.0,1919,7416.0
2023-04-07,5495.0,1915,7410.0
2023-04-08,5486.0,1928,7414.0
2023-04-09,5535.0,1937,7472.0
2023-04-10,5592.0,1945,7537.0
2023-04-11,5522.0,1930,7452.0
2023-04-12,5530.0,1928,7458.0
2023-04-13,5474.0,1931,7405.0
2023-04-14,5480.0,1923,7403.0
2023-04-15,5504.0,1918,7422.0
2023-04-16,5544.0,1928,7472.0
2023-04-17,5595.0,1944,7539.0
2023-04-18,5514.0,1947,7461.0
2023-04-19,5517.0,1943,7460.0
2023-04-20,5474.0,1942,7416.0
2023-04-21,5482.0,1936,7418.0
2023-04-22,5482.0,1934,7416.0
2023-04-23,5528.0,1935,7463.0
2023-04-24,5562.0,1945,7507.0
2023-04-25,5479.0,1940,7419.0
2023-04-26,5483.0,1937,7420.0
2023-04-27,5403.0,1934,7337.0
2023-04-28,5427.0,1928,7355.0
2023-05-01,5521.0,1939,7460.0
2023-05-02,5442.0,1929,7371.0
2023-05-03,5424.0,1922,7346.0
2023-05-04,5397.0,1911,7308.0
2023-05-05,5427.0,1908,7335.0
2023-05-06,5444.0,1905,7349.0
2023-05-07,5486.0,1905,7391.0
2023-05-08,5516.0,1906,7422.0
2023-05-09,5440.0,1898,7338.0
2023-05-10,5455.0,1885,7340.0
2023-05-11,5423.0,1875,7298.0
2023-05-12,5458.0,1871,7329.0
2023-05-13,5473.0,1859,7332.0
2023-05-14,5519.0,1867,7386.0
2023-05-15,5553.0,1871,7424.0
2023-05-16,5481.0,1855,7336.0
2023-05-17,5480.0,1851,7331.0
2023-05-18,5458.0,1842,7300.0
2023-05-19,5445.0,1828,7273.0
2023-05-20,5432.0,1834,7266.0
2023-05-21,5484.0,1842,7326.0
2023-05-22,5506.0,1851,7357.0
2023-05-23,5436.0,1850,7286.0
2023-05-24,5419.0,1849,7268.0
2023-05-25,5403.0,1840,7243.0
2023-05-26,5409.0,1840,7249.0
2023-05-27,5417.0,1821,7238.0
2023-05-28,5477.0,1829,7306.0
2023-05-29,5515.0,1835,7350.0
2023-05-30,5493.0,1840,7333.0
2023-05-31,5514.0,1838,7352.0
2023-06-01,5478.0,1833,7311.0
2023-06-02,5503.0,1831,7334.0
2023-06-03,5532.0,1826,7358.0
2023-06-04,5569.0,1829,7398.0
2023-06-05,5578.0,1848,7426.0
2023-06-06,5537.0,1831,7368.0
2023-06-07,5537.0,1812,7349.0
2023-06-08,5484.0,1816,7300.0
2023-06-09,5491.0,1809,7300.0
2023-06-10,5493.0,1805,7298.0
2023-06-11,5547.0,1810,7357.0
2023-06-12,5571.0,1822,7393.0
2023-06-13,5509.0,1816,7325.0
2023-06-14,5512.0,1806,7318.0
2023-06-15,5448.0,1803,7251.0
2023-06-16,5471.0,1800,7271.0
2023-06-17,5477.0,1795,7272.0
2023-06-18,5512.0,1796,7308.0
2023-06-19,5572.0,1803,7375.0
2023-06-20,5543.0,1804,7347.0
2023-06-21,5557.0,1805,7362.0
2023-06-22,5476.0,1805,7281.0
2023-06-23,5468.0,1812,7280.0
2023-06-24,5479.0,1821,7300.0
2023-06-25,5520.0,1822,7342.0
2023-06-26,5554.0,1822,7376.0
2023-06-27,5492.0,1814,7306.0
2023-06-28,5504.0,1804,7308.0
2023-06-29,5459.0,1792,7251.0
2023-06-30,5496.0,1793,7289.0
2023-07-01,5527.0,1769,7296.0
2023-07-02,5594.0,1772,7366.0
2023-07-03,5588.0,1791,7379.0
2023-07-04,5574.0,1804,7378.0
2023-07-05,5630.0,1802,7432.0
2023-07-06,5583.0,1804,7387.0
2023-07-07,5581.0,1786,7367.0
2023-07-08,5602.0,1786,7388.0
2023-07-09,5638.0,1793,7431.0
2023-07-10,5671.0,1803,7474.0
2023-07-11,5605.0,1794,7399.0
2023-07-12,5615.0,1784,7399.0
2023-07-13,5571.0,1786,7357.0
2023-07-14,5597.0,1785,7382.0
2023-07-15,5582.0,1790,7372.0
2023-07-16,5656.0,1796,7452.0
2023-07-17,5690.0,1806,7496.0
2023-07-18,5684.0,1803,7487.0
2023-07-19,5598.0,1789,7387.0
2023-08-01,5569.0,1838,7407.0
2023-08-02,5572.0,1833,7405.0
2023-08-03,5556.0,1824,7380.0
2023-08-05,5577.0,1828,7405.0
2023-08-06,5631.0,1823,7454.0
2023-08-07,5666.0,1833,7499.0
2023-08-08,5572.0,1838,7410.0
2023-08-09,5569.0,1830,7399.0
2023-08-10,5517.0,1825,7342.0
2023-08-11,5524.0,1820,7344.0
2023-08-12,5527.0,1824,7351.0
2023-08-13,5564.0,1832,7396.0
2023-08-14,5581.0,1840,7421.0
2023-08-15,5514.0,1837,7351.0
2023-08-16,5521.0,1838,7359.0
2023-08-17,5505.0,1838,7343.0
2023-08-18,5511.0,1828,7339.0
2023-08-19,5516.0,1829,7345.0
2023-08-20,5563.0,1834,7397.0
2023-08-21,5584.0,1843,7427.0
2023-08-22,5522.0,1825,7347.0
2023-08-23,5514.0,1835,7349.0
2023-08-24,5505.0,1821,7326.0
2023-08-25,5528.0,1818,7346.0
2023-08-26,5511.0,1828,7339.0
2023-08-27,5547.0,1824,7371.0
2023-08-28,5581.0,1839,7420.0
2023-08-29,5498.0,1845,7343.0
2023-08-30,5474.0,1848,7322.0
2023-08-31,5439.0,1845,7284.0
2023-09-01,5442.0,1847,7289.0
2023-09-02,5448.0,1842,7290.0
2023-09-03,5499.0,1847,7346.0
2023-09-04,5547.0,1855,7402.0
2023-09-05,5510.0,1862,7372.0
2023-09-06,5509.0,1852,7361.0
2023-09-07,5460.0,1851,7311.0
2023-09-08,5432.0,1857,7289.0
2023-09-09,5460.0,1853,7313.0
2023-09-10,5492.0,1861,7353.0
2023-09-11,5529.0,1870,7399.0
2023-09-12,5451.0,1871,7322.0
2023-09-13,5439.0,1853,7292.0
2023-09-14,5383.0,1848,7231.0
2023-09-15,5376.0,1842,7218.0
2023-09-16,5383.0,1843,7226.0
2023-09-17,5419.0,1846,7265.0
2023-09-18,5470.0,1856,7326.0
2023-09-19,5363.0,1868,7231.0
2023-09-20,5329.0,1870,7199.0
2023-09-21,5257.0,1874,7131.0
2023-09-22,5242.0,1862,7104.0
2023-09-26,5172.0,1862,7034.0
2023-09-27,5149.0,1847,6996.0
2023-09-28,5092.0,1841,6933.0
2023-09-29,5090.0,1833,6923.0
2023-10-01,5093.0,1832,6925.0
2023-10-02,5117.0,1837,6954.0
2023-10-03,5043.0,1837,6880.0
2023-10-04,5044.0,1823,6867.0
2023-10-05,4986.0,1820,6806.0
2023-10-06,4982.0,1813,6795.0
2023-10-07,4974.0,1814,6788.0
2023-10-08,4995.0,1817,6812.0
2023-10-09,5017.0,1829,6846.0
2023-10-10,4980.0,1828,6808.0
2023-10-11,4960.0,1837,6797.0
2023-10-12,4909.0,1838,6747.0
2023-10-13,4904.0,1838,6742.0
2023-10-14,4926.0,1837,6763.0
2023-10-15,4957.0,1839,6796.0
2023-10-16,4974.0,1848,6822.0
2023-10-17,4903.0,1841,6744.0
2023-10-18,4897.0,1839,6736.0
2023-10-19,4870.0,1830,6700.0
2023-10-20,4885.0,1831,6716.0
2023-10-21,4856.0,1832,6688.0
2023-10-22,4888.0,1827,6715.0
2023-10-23,4919.0,1825,6744.0
2023-10-24,4840.0,1823,6663.0
2023-10-25,4850.0,1829,6679.0
2023-10-26,4819.0,1835,6654.0
2023-10-27,4817.0,1830,6647.0
2023-10-28,4832.0,1829,6661.0
2023-10-29,4875.0,1827,6702.0
2023-10-30,4892.0,1827,6719.0
2023-11-01,4808.0,1812,6620.0
2023-11-02,4763.0,1809,6572.0
2023-11-03,4753.0,1803,6556.0
2023-11-04,4776.0,1800,6576.0
2023-11-05,4826.0,1801,6627.0
2023-11-06,4853.0,1812,6665.0
2023-11-07,4775.0,1806,6581.0
2023-11-08,4761.0,1797,6558.0
2023-11-09,4725.0,1789,6514.0
2023-11-10,4709.0,1779,6488.0
2023-11-11,4736.0,1784,6520.0
2023-11-12,4779.0,1788,6567.0
2023-11-13,4817.0,1793,6610.0
2023-11-14,4757.0,1792,6549.0
2023-11-15,4768.0,1781,6549.0
2023-11-16,4732.0,1783,6515.0
2023-11-17,4737.0,1785,6522.0
2023-11-18,4753.0,1782,6535.0
2023-11-19,4800.0,1781,6581.0
2023-11-20,4781.0,1784,6565.0
2023-11-21,4749.0,1778,6527.0
2023-11-22,4709.0,1777,6486.0
2023-11-23,4705.0,1784,6489.0
2023-11-24,4743.0,1780,6523.0
2023-11-25,4763.0,1781,6544.0
2023-11-26,4804.0,1781,6585.0
2023-11-27,4829.0,1788,6617.0
2023-11-28,4753.0,1785,6538.0
2023-11-29,4755.0,1785,6540.0
2023-11-30,4709.0,1776,6485.0
2023-12-01,4721.0,1770,6491.0
2023-12-02,4728.0,1767,6495.0
2023-12-03,4775.0,1766,6541.0
2023-12-04,4810.0,1769,6579.0
2023-12-05,4754.0,1764,6518.0
2023-12-06,4747.0,1762,6509.0
2023-12-07,4709.0,1754,6463.0
2023-12-08,4689.0,1751,6440.0
2023-12-09,4672.0,1753,6425.0
2023-12-10,4724.0,1753,6477.0
2023-12-11,4767.0,1752,6519.0
2023-12-12,4733.0,1741,6474.0
2023-12-13,4722.0,1739,6461.0
2023-12-14,4702.0,1739,6441.0
2023-12-15,4682.0,1732,6414.0
2023-12-16,4690.0,1725,6415.0
2023-12-17,4733.0,1722,6455.0
2023-12-18,4758.0,1724,6482.0
2023-12-19,4675.0,1729,6404.0
2023-12-20,4640.0,1732,6372.0
2023-12-21,4586.0,1720,6306.0
2023-12-22,4574.0,1719,6293.0
2023-12-23,4550.0,1723,6273.0
2023-12-24,4581.0,1734,6315.0
2023-12-25,4608.0,1739,6347.0
2023-12-26,4597.0,1735,6332.0
2023-12-27,4577.0,1742,6319.0
2023-12-28,4556.0,1745,6301.0
2023-12-29,4568.0,1742,6310.0
2023-12-30,4567.0,1744,6311.0
2023-12-31,4607.0,1748,6355.0
2024-01-01,4657.0,1749,6406.0
2024-01-02,4656.0,1745,6401.0
2024-01-03,4654.0,1742,6396.0
2024-01-04,4628.0,1741,6369.0
2024-01-05,4647.0,1737,6384.0
2024-01-06,4655.0,1745,6400.0
2024-01-07,4713.0,1753,6466.0
2024-01-08,4750.0,1755,6505.0
2024-01-09,4676.0,1741,6417.0
2024-01-10,4680.0,1731,6411.0
2024-01-11,4666.0,1726,6392.0
2024-01-12,4671.0,1721,6392.0
2024-01-13,4672.0,1723,6395.0
2024-01-14,4697.0,1724,6421.0
2024-01-15,4729.0,1728,6457.0
2024-01-16,4680.0,1729,6409.0
2024-01-17,4684.0,1727,6411.0
2024-01-18,4657.0,1714,6371.0
2024-01-19,4674.0,1705,6379.0
2024-01-20,4675.0,1700,6375.0
2024-01-21,4709.0,1745,6454.0
2024-01-22,4747.0,1704,6451.0
2024-01-23,4678.0,1695,6373.0
2024-01-24,4674.0,1692,6366.0
2024-01-25,4635.0,1692,6327.0
2024-01-26,4623.0,1694,6317.0
2024-01-27,4630.0,1692,6322.0
2024-01-28,4677.0,1697,6374.0
2024-01-29,4718.0,1699,6417.0
2024-01-30,4661.0,1693,6354.0
2024-01-31,4663.0,1684,6347.0
2024-02-01,4600.0,1683,6283.0
2024-02-02,4603.0,1674,6277.0
2024-02-03,4617.0,1668,6285.0
2024-02-04,4662.0,1669,6331.0
2024-02-05,4706.0,1672,6378.0
2024-02-06,4616.0,1681,6297.0
2024-02-07,4615.0,1672,6287.0
2024-02-08,4604.0,1668,6272.0
2024-02-09,4612.0,1664,6276.0
2024-02-10,4623.0,1658,6281.0
2024-02-11,4682.0,1661,6343.0
2024-02-12,4721.0,1664,6385.0
2024-02-13,4720.0,1665,6385.0
2024-02-14,4714.0,1656,6370.0
2024-02-15,4684.0,1646,6330.0
2024-02-16,4665.0,1641,6306.0
2024-02-17,4659.0,1649,6308.0
2024-02-18,4708.0,1657,6365.0
2024-02-19,4751.0,1662,6413.0
2024-02-20,4732.0,1667,6399.0
2024-02-21,4734.0,1658,6392.0
2024-02-22,4686.0,1648,6334.0
2024-02-23,4695.0,1637,6332.0
2024-02-24,4718.0,1629,6347.0
2024-02-25,4756.0,1630,6386.0
2024-02-26,4794.0,1632,6426.0
2024-02-28,4719.0,1619,6338.0
2024-02-29,4681.0,1616,6297.0
2024-03-01,4705.0,1612,6317.0
2024-03-02,4696.0,1609,6305.0
2024-03-03,4736.0,1610,6346.0
2024-03-04,4782.0,1617,6399.0
2024-03-05,4768.0,1619,6387.0
2024-03-06,4778.0,1621,6399.0
2024-03-07,4702.0,1620,6322.0
2024-03-08,4704.0,1610,6314.0
2024-03-09,4709.0,1616,6325.0
2024-03-10,4740.0,1620,6360.0
2024-03-11,4776.0,1622,6398.0
2024-03-12,4685.0,1622,6307.0
2024-03-13,4685.0,1623,6308.0
2024-03-14,4682.0,1621,6303.0
2024-03-15,4689.0,1618,6307.0
2024-03-16,4700.0,1618,6318.0
2024-03-17,4755.0,1619,6374.0
2024-03-18,4780.0,1621,6401.0
2024-03-19,4735.0,1619,6354.0
2024-03-20,4711.0,1612,6323.0
2024-03-21,4712.0,1607,6319.0
2024-03-22,4704.0,1600,6304.0
2024-03-23,4716.0,1598,6314.0
2024-03-24,4770.0,1605,6375.0
2024-03-25,4801.0,1607,6408.0
2024-03-27,4742.0,1605,6347.0
2024-03-28,4721.0,1602,6323.0
2024-03-29,4733.0,1594,6327.0
2024-04-01,4814.0,1610,6424.0
2024-04-02,4747.0,1610,6357.0
2024-04-03,4723.0,1613,6336.0
2024-04-04,4703.0,1610,6313.0
2024-04-05,4723.0,1606,6329.0
2024-04-06,4709.0,1611,6320.0
2024-04-07,4765.0,1616,6381.0
2024-04-08,4811.0,1622,6433.0
2024-04-09,4726.0,1622,6348.0
2024-04-10,4701.0,1612,6313.0
2024-04-11,4699.0,1612,6311.0
2024-04-12,4724.0,1615,6339.0
2024-04-13,4739.0,1633,6372.0
2024-04-14,4780.0,1642,6422.0
2024-04-15,4824.0,1645,6469.0
2024-04-16,4772.0,1635,6407.0
2024-04-17,4744.0,1619,6363.0
2024-04-18,4712.0,1619,6331.0
2024-04-19,4692.0,1617,6309.0
2024-04-20,4709.0,1625,6334.0
2024-04-21,4754.0,1629,6383.0
2024-04-22,4787.0,1631,6418.0
2024-04-23,4727.0,1626,6353.0
2024-04-24,4724.0,1620,6344.0
2024-04-25,4720.0,1622,6342.0
2024-04-26,4720.0,1612,6332.0
2024-04-27,4731.0,1615,6346.0
2024-04-28,4776.0,1621,6397.0
2024-04-29,4832.0,1621,6453.0
2024-04-30,4741.0,1623,6364.0
2024-05-01,4728.0,1621,6349.0
2024-05-02,4695.0,1619,6314.0
2024-05-03,4686.0,1622,6308.0
2024-05-04,4694.0,1623,6317.0
2024-05-05,4737.0,1620,6357.0
2024-05-06,4759.0,1623,6382.0
2024-05-07,4706.0,1619,6325.0
2024-05-08,4694.0,1612,6306.0
2024-05-09,4684.0,1607,6291.0
2024-05-10,4704.0,1598,6302.0
2024-05-11,4707.0,1595,6302.0
2024-05-12,4734.0,1601,6335.0
2024-05-13,4769.0,1605,6374.0
2024-05-14,4724.0,1589,6313.0
2024-05-15,4741.0,1571,6312.0
2024-05-16,4714.0,1576,6290.0
2024-05-17,4715.0,1580,6295.0
2024-05-18,4723.0,1581,6304.0
2024-05-19,4767.0,1585,6352.0
2024-05-20,4808.0,1588,6396.0
2024-05-21,4723.0,1583,6306.0
2024-05-22,4741.0,1579,6320.0
2024-05-23,4734.0,1568,6302.0
2024-05-24,4726.0,1567,6293.0
2024-05-25,4750.0,1564,6314.0
2024-05-26,4812.0,1567,6379.0
2024-05-27,4850.0,1576,6426.0
2024-05-28,4841.0,1580,6421.0
2024-05-29,4833.0,1568,6401.0
2024-05-30,4772.0,1570,6342.0
2024-05-31,4765.0,1572,6337.0
2024-06-01,4780.0,1568,6348.0
2024-06-02,4830.0,1566,6396.0
2024-06-03,4867.0,1568,6435.0
2024-06-04,4794.0,1557,6351.0
2024-06-05,4797.0,1551,6348.0
2024-06-06,4736.0,1551,6287.0
2024-06-07,4741.0,1556,6297.0
2024-06-08,4749.0,1555,6304.0
2024-06-09,4791.0,1561,6352.0
2024-06-10,4809.0,1565,6374.0
2024-06-11,4739.0,1571,6310.0
2024-06-12,4728.0,1562,6290.0
2024-06-13,4707.0,1561,6268.0
2024-06-14,4739.0,1554,6293.0
2024-06-15,4739.0,1554,6293.0
2024-06-16,4770.0,1555,6325.0
2024-06-17,4818.0,1555,6373.0
2024-06-18,4745.0,1555,6300.0
2024-06-19,4751.0,1544,6295.0
2024-06-20,4762.0,1550,6312.0
2024-06-21,4777.0,1540,6317.0
2024-06-22,4763.0,1534,6297.0
2024-06-23,4831.0,1541,6372.0
2024-06-24,4870.0,1544,6414.0
2024-06-25,4833.0,1540,6373.0
2024-06-26,4824.0,1535,6359.0
2024-06-27,4800.0,1522,6322.0
2024-06-28,4819.0,1511,6330.0
2024-07-01,4919.0,1514,6433.0
2024-07-02,4844.0,1517,6361.0
2024-07-03,4827.0,1502,6329.0
2024-07-04,4835.0,1505,6340.0
2024-07-05,4851.0,1506,6357.0
2024-07-06,4869.0,1503,6372.0
2024-07-07,4934.0,1506,6440.0
2024-07-08,4995.0,1509,6504.0
2024-07-09,4952.0,1514,6466.0
2024-07-10,4929.0,1517,6446.0
2024-07-11,4900.0,1513,6413.0
2024-07-12,4919.0,1507,6426.0
2024-07-13,4931.0,1502,6433.0
2024-07-14,4986.0,1502,6488.0
2024-07-15,4983.0,1502,6485.0
2024-07-16,4957.0,1513,6470.0
2024-07-17,4948.0,1514,6462.0
2024-07-18,4944.0,1509,6453.0
2024-07-19,4936.0,1509,6445.0
2024-07-20,4973.0,1508,6481.0
2024-07-21,5013.0,1510,6523.0
2024-07-22,5059.0,1513,6572.0
2024-07-23,4964.0,1518,6482.0
2024-07-24,4945.0,1514,6459.0
2024-07-25,4889.0,1502,6391.0
2024-07-26,4900.0,1505,6405.0
2024-07-27,4913.0,1501,6414.0
2024-07-28,5000.0,1499,6499.0
2024-07-29,5035.0,1499,6534.0
2024-07-30,4931.0,1503,6434.0
2024-07-31,4940.0,1493,6433.0
2024-08-01,4905.0,1484,6389.0
2024-08-02,4913.0,1485,6398.0
2024-08-03,4901.0,1480,6381.0
2024-08-04,4984.0,1482,6466.0
2024-08-05,5017.0,1490,6507.0
2024-08-06,4975.0,1490,6465.0
2024-08-07,4983.0,1475,6458.0
2024-08-08,4945.0,1476,6421.0
2024-08-09,4967.0,1469,6436.0
2024-08-10,4976.0,1463,6439.0
2024-08-11,5060.0,1463,6523.0
2024-08-12,5095.0,1468,6563.0
2024-08-13,4993.0,1473,6466.0
2024-08-14,4970.0,1476,6446.0
2024-08-15,4919.0,1478,6397.0
2024-08-16,4936.0,1464,6400.0
2024-08-17,4948.0,1458,6406.0
2024-08-18,4983.0,1467,6450.0
2024-08-19,5001.0,1476,6477.0
2024-08-20,4914.0,1493,6407.0
2024-08-21,4908.0,1497,6405.0
2024-08-22,4893.0,1502,6395.0
2024-08-23,4875.0,1506,6381.0
2024-08-24,4880.0,1507,6387.0
2024-08-25,4935.0,1507,6442.0
2024-08-26,4965.0,1507,6472.0
2024-08-27,4934.0,1510,6444.0
2024-08-28,4944.0,1488,6432.0
2024-08-29,4930.0,1477,6407.0
2024-08-30,4957.0,1475,6432.0
2024-09-01,5027.0,1468,6495.0
2024-09-02,5063.0,1470,6533.0
2024-09-03,5047.0,1470,6517.0
2024-09-04,4993.0,1466,6459.0
2024-09-05,5009.0,1462,6471.0
2024-09-06,5042.0,1450,6492.0
2024-09-07,5070.0,1446,6516.0
2024-09-08,5145.0,1447,6592.0
2024-09-09,5171.0,1457,6628.0
2024-09-10,5097.0,1455,6552.0
2024-09-11,5071.0,1453,6524.0
2024-09-12,5034.0,1452,6486.0
2024-09-13,5057.0,1448,6505.0
2024-09-14,5052.0,1448,6500.0
2024-09-15,5089.0,1450,6539.0
2024-09-16,5119.0,1454,6573.0
2024-09-17,5028.0,1466,6494.0
2024-09-18,5039.0,1472,6511.0
2024-09-19,5020.0,1467,6487.0
2024-09-20,5023.0,1471,6494.0
2024-09-21,5009.0,1475,6484.0
2024-09-22,5076.0,1479,6555.0
2024-09-23,5118.0,1483,6601.0
2024-09-24,5060.0,1488,6548.0
2024-09-25,5068.0,1479,6547.0
2024-09-26,5004.0,1484,6488.0
2024-09-28,5026.0,1472,6498.0
2024-09-29,5086.0,1474,6560.0
2024-10-01,5033.0,1478,6511.0
2024-10-02,5005.0,1483,6488.0
2024-10-03,4982.0,1473,6455.0
2024-10-04,4986.0,1478,6464.0
2024-10-05,5012.0,1471,6483.0
2024-10-06,5062.0,1482,6544.0
2024-10-07,5114.0,1491,6605.0
2024-10-08,5061.0,1492,6553.0
2024-10-09,5036.0,1501,6537.0
2024-10-10,5010.0,1497,6507.0
2024-10-11,5017.0,1490,6507.0
2024-10-12,5023.0,1487,6510.0
2024-10-13,5089.0,1486,6575.0
2024-10-14,5123.0,1492,6615.0
2024-10-15,5084.0,1498,6582.0
2024-10-16,5068.0,1497,6565.0
2024-10-17,5016.0,1506,6522.0
2024-10-18,5021.0,1494,6515.0
2024-10-19,5030.0,1498,6528.0
2024-10-20,5082.0,1501,6583.0
2024-10-21,5128.0,1505,6633.0
2024-10-22,5074.0,1504,6578.0
2024-10-23,5058.0,1502,6560.0
2024-10-24,5027.0,1492,6519.0
2024-10-25,5032.0,1496,6528.0
2024-10-26,5045.0,1492,6537.0
2024-10-27,5087.0,1495,6582.0
2024-10-28,5119.0,1503,6622.0
2024-10-29,5035.0,1502,6537.0
2024-10-30,5032.0,1504,6536.0
2024-10-31,5043.0,1499,6542.0
2024-11-01,5038.0,1491,6529.0
2024-11-02,5051.0,1490,6541.0
2024-11-03,5115.0,1493,6608.0
2024-11-04,5108.0,1499,6607.0
2024-11-05,5067.0,1494,6561.0
2024-11-06,5077.0,1494,6571.0
2024-11-07,5041.0,1496,6537.0
2024-11-08,5041.0,1486,6527.0
2024-11-09,5053.0,1483,6536.0
2024-11-10,5127.0,1489,6616.0
2024-11-11,5165.0,1498,6663.0
2024-11-12,5134.0,1504,6638.0
2024-11-13,5135.0,1499,6634.0
2024-11-14,5071.0,1504,6575.0
2024-11-15,5082.0,1500,6582.0
2024-11-16,5103.0,1498,6601.0
2024-11-17,5150.0,1499,6649.0
2024-11-18,5198.0,1502,6700.0
2024-11-19,5147.0,1496,6643.0
2024-11-20,5093.0,1487,6580.0
2024-11-21,5073.0,1476,6549.0
2024-11-22,5089.0,1469,6558.0
2024-11-23,5093.0,1468,6561.0
2024-11-24,5148.0,1475,6623.0
2024-11-25,5184.0,1484,6668.0
2024-11-26,5096.0,1481,6577.0
2024-11-27,5066.0,1476,6542.0
2024-12-01,5195.0,1490,6685.0
2024-12-02,5245.0,1494,6739.0
2024-12-03,5209.0,1497,6706.0
2024-12-04,5197.0,1479,6676.0
2024-12-05,5136.0,1479,6615.0
2024-12-06,5153.0,1481,6634.0
2024-12-07,5158.0,1498,6656.0
2024-12-08,5223.0,1499,6722.0
2024-12-09,5261.0,1507,6768.0
2024-12-10,5182.0,1510,6692.0
2024-12-11,5198.0,1510,6708.0
2024-12-12,5159.0,1501,6660.0
2024-12-13,5175.0,1510,6685.0
2024-12-14,5189.0,1517,6706.0
2024-12-15,5233.0,1515,6748.0
2024-12-16,5265.0,1525,6790.0
2024-12-17,5205.0,1529,6734.0
2024-12-18,5212.0,1528,6740.0
2024-12-19,5152.0,1512,6664.0
2024-12-20,5151.0,1498,6649.0
2024-12-21,5133.0,1507,6640.0
2024-12-22,5182.0,1507,6689.0
2024-12-23,5209.0,1514,6723.0
2024-12-24,5146.0,1522,6668.0
2024-12-25,5121.0,1524,6645.0
2024-12-26,5159.0,1523,6682.0
2024-12-27,5127.0,1532,6659.0
2024-12-28,5137.0,1529,6666.0
2024-12-29,5184.0,1531,6715.0
2024-12-30,5235.0,1537,6772.0
2024-12-31,5200.0,1539,6739.0
2025-01-01,5210.0,1541,6751.0
2025-01-02,5229.0,1550,6779.0
2025-01-03,5233.0,1549,6782.0
2025-01-04,5247.0,1542,6789.0
2025-01-05,5297.0,1543,6840.0
2025-01-06,5343.0,1547,6890.0
2025-01-07,5298.0,1547,6845.0
2025-01-08,5286.0,1544,6830.0
2025-01-09,5225.0,1541,6766.0
2025-01-10,5274.0,1540,6814.0
2025-01-11,5251.0,1546,6797.0
2025-01-12,5312.0,1543,6855.0
2025-01-13,5348.0,1548,6896.0
2025-01-14,5304.0,1544,6848.0
2025-01-15,5287.0,1546,6833.0
2025-01-16,5245.0,1539,6784.0
2025-01-17,5272.0,1531,6803.0
2025-01-18,5321.0,1526,6847.0
2025-01-19,5388.0,1526,6914.0
2025-01-20,5456.0,1530,6986.0
2025-01-21,5414.0,1534,6948.0
2025-01-22,5428.0,1537,6965.0
2025-01-23,5331.0,1536,6867.0
2025-01-24,5311.0,1534,6845.0
2025-01-25,5309.0,1528,6837.0
2025-01-26,5366.0,1528,6894.0
2025-01-27,5428.0,1525,6953.0
2025-01-28,5388.0,1525,6913.0
2025-01-29,5374.0,1529,6903.0
2025-01-30,5329.0,1521,6850.0
2025-01-31,5334.0,1510,6844.0
2025-02-01,5384.0,1510,6894.0
2025-02-02,5441.0,1511,6952.0
2025-02-03,5467.0,1512,6979.0
2025-02-04,5422.0,1513,6935.0
2025-02-05,5407.0,1508,6915.0
2025-02-06,5402.0,1502,6904.0
2025-02-07,5416.0,1501,6917.0
2025-02-08,5434.0,1505,6939.0
2025-02-09,5504.0,1512,7016.0
2025-02-10,5532.0,1516,7048.0
2025-02-11,5455.0,1514,6969.0
2025-02-12,5421.0,1512,6933.0
2025-02-13,5476.0,1516,6992.0
2025-02-14,5477.0,1519,6996.0
2025-02-15,5468.0,1516,6984.0
2025-02-16,5536.0,1518,7054.0
2025-02-17,5600.0,1521,7121.0
2025-02-18,5587.0,1524,7111.0
2025-02-19,5577.0,1528,7105.0
2025-02-20,5545.0,1529,7074.0
2025-02-21,5550.0,1529,7079.0
2025-02-22,5535.0,1528,7063.0
2025-02-23,5634.0,1528,7162.0
2025-02-24,5710.0,1533,7243.0
2025-02-25,5624.0,1543,7167.0
2025-02-26,5603.0,1533,7136.0
2025-02-27,5562.0,1536,7098.0
2025-02-28,5585.0,1534,7119.0
2025-03-01,5595.0,1530,7125.0
2025-03-02,5653.0,1538,7191.0
2025-03-03,5716.0,1539,7255.0
2025-03-04,5684.0,1548,7232.0
2025-03-05,5672.0,1550,7222.0
2025-03-06,5604.0,1533,7137.0
2025-03-07,5612.0,1529,7141.0
2025-03-08,5608.0,1529,7137.0
2025-03-09,5679.0,1533,7212.0
2025-03-10,5758.0,1536,7294.0
2025-03-11,5713.0,1536,7249.0
2025-03-12,5718.0,1534,7252.0
2025-03-13,5681.0,1526,7207.0
2025-03-14,5712.0,1519,7231.0
2025-03-15,5712.0,1520,7232.0
2025-03-16,5800.0,1522,7322.0
2025-03-17,5838.0,1528,7366.0
2025-03-18,5778.0,1530,7308.0
2025-03-19,5761.0,1538,7299.0
2025-03-20,5728.0,1529,7257.0
2025-03-21,5736.0,1524,7260.0
2025-03-22,5740.0,1523,7263.0
2025-03-23,5816.0,1523,7339.0
2025-03-24,5865.0,1524,7389.0
2025-03-25,5778.0,1527,7305.0
2025-03-26,5772.0,1523,7295.0
2025-03-27,5750.0,1527,7277.0
2025-03-28,5779.0,1530,7309.0
2025-03-29,5708.0,1536,7244.0
2025-03-30,5826.0,1541,7367.0
2025-03-31,5861.0,1547,7408.0
2025-04-01,5794.0,1545,7339.0
2025-04-02,5767.0,1537,7304.0
2025-04-03,5717.0,1529,7246.0
2025-04-05,5691.0,1514,7205.0
2025-04-06,5749.0,1516,7265.0
2025-04-07,5783.0,1519,7302.0
2025-04-08,5729.0,1518,7247.0
2025-04-09,5705.0,1500,7205.0
2025-04-10,5709.0,1499,7208.0
2025-04-11,5704.0,1497,7201.0
2025-04-12,5683.0,1491,7174.0
2025-04-13,5755.0,1494,7249.0
2025-04-14,5797.0,1498,7295.0
2025-04-15,5702.0,1502,7204.0
2025-04-16,5672.0,1498,7170.0
2025-04-17,5624.0,1486,7110.0
2025-04-18,5634.0,1479,7113.0
2025-04-19,5634.0,1478,7112.0
2025-04-20,5723.0,1479,7202.0
2025-04-21,5756.0,1479,7235.0
2025-04-22,5649.0,1476,7125.0
2025-04-23,5638.0,1475,7113.0
2025-04-24,5645.0,1458,7103.0
2025-04-25,5639.0,1453,7092.0
2025-04-26,5673.0,1454,7127.0
2025-04-27,5738.0,1449,7187.0
2025-04-28,5792.0,1445,7237.0
2025-04-29,5695.0,1442,7137.0
2025-04-30,5682.0,1424,7106.0
2025-05-01,5655.0,1425,7080.0
2025-05-02,5653.0,1421,7074.0
2025-05-03,5668.0,1415,7083.0
2025-05-04,5712.0,1414,7126.0
2025-05-05,5790.0,1410,7200.0
2025-05-06,5686.0,1414,7100.0
2025-05-07,5642.0,1401,7043.0
2025-05-08,5609.0,1394,7003.0
2025-05-09,5622.0,1379,7001.0
2025-05-10,5651.0,1372,7023.0
2025-05-11,5704.0,1369,7073.0
2025-05-12,5748.0,1370,7118.0
2025-05-13,5675.0,1365,7040.0
2025-05-14,5660.0,1351,7011.0
2025-05-15,5624.0,1343,6967.0
2025-05-16,5647.0,1343,6990.0
2025-05-17,5648.0,1342,6990.0
2025-05-18,5713.0,1340,7053.0
2025-05-19,5757.0,1339,7096.0
2025-05-20,5707.0,1331,7038.0
2025-05-21,5682.0,1320,7002.0
2025-05-22,5662.0,1311,6973.0
2025-05-23,5668.0,1304,6972.0
2025-05-24,5684.0,1297,6981.0
2025-05-25,5754.0,1297,7051.0
2025-05-26,5805.0,1296,7101.0
2025-05-27,5788.0,1293,7081.0
2025-05-28,5775.0,1287,7062.0
2025-05-29,5732.0,1278,7010.0
2025-06-01,5825.0,1263,7088.0
2025-06-02,5889.0,1263,7152.0
2025-06-03,5812.0,1260,7072.0
2025-06-04,5763.0,1247,7010.0
2025-06-05,5733.0,1237,6970.0
2025-06-06,5749.0,1234,6983.0
2025-06-07,5770.0,1231,7001.0
2025-06-08,5843.0,1230,7073.0
2025-06-09,5891.0,1225,7116.0
2025-06-10,5818.0,1220,7038.0
2025-06-11,5795.0,1210,7005.0
2025-06-12,5734.0,1208,6942.0
2025-06-13,5763.0,1203,6966.0
2025-06-14,5757.0,1197,6954.0
2025-06-15,5821.0,1199,7020.0
2025-06-16,5863.0,1198,7061.0
2025-06-17,5763.0,1195,6958.0
2025-06-18,5714.0,1183,6897.0
2025-06-19,5731.0,1163,6894.0
2025-06-20,5773.0,1163,6936.0
2025-06-21,5774.0,1162,6936.0
2025-06-22,5819.0,1161,6980.0
2025-06-23,5890.0,1161,7051.0
2025-06-24,5795.0,1158,6953.0
2025-06-25,5763.0,1145,6908.0
2025-06-26,5752.0,1132,6884.0
2025-06-27,5742.0,1123,6865.0
2025-06-28,5757.0,1121,6878.0
2025-06-29,5820.0,1121,6941.0
2025-06-30,5885.0,1118,7003.0
2025-07-01,5796.0,1113,6909.0
2025-07-02,5770.0,1104,6874.0
2025-07-03,5693.0,1098,6791.0
2025-07-04,5726.0,1091,6817.0
2025-07-05,5796.0,1089,6885.0
2025-07-06,5866.0,1088,6954.0
2025-07-07,5954.0,1085,7039.0
2025-07-08,5927.0,1084,7011.0
2025-07-09,5900.0,1078,6978.0
2025-07-10,5863.0,1071,6934.0
2025-07-11,5878.0,1061,6939.0
2025-07-12,5836.0,1052,6888.0
2025-07-13,5912.0,1052,6964.0
2025-07-14,5945.0,1052,6997.0
2025-07-15,5881.0,1046,6927.0
2025-07-16,5860.0,1030,6890.0
2025-07-17,5863.0,1026,6889.0
2025-07-18,5906.0,1017,6923.0
2025-07-19,5895.0,1010,6905.0
2025-07-20,5979.0,1009,6988.0
2025-07-21,6043.0,1008,7051.0
2025-07-22,5920.0,1009,6929.0
2025-07-23,5874.0,999,6873.0
2025-07-24,5853.0,997,6850.0
2025-07-25,5873.0,986,6859.0
2025-07-26,5910.0,978,6888.0
2025-07-27,5975.0,978,6953.0
2025-07-28,6016.0,977,6993.0
2025-07-29,5966.0,974,6940.0
2025-07-30,5933.0,960,6893.0
2025-07-31,5945.0,951,6896.0
2025-08-01,5954.0,938,6892.0
2025-08-02,5930.0,938,6868.0
2025-08-03,5967.0,938,6905.0
2025-08-04,6033.0,938,6971.0
2025-08-05,5960.0,937,6897.0
2025-08-06,5936.0,928,6864.0
2025-08-07,5915.0,922,6837.0
2025-08-08,5917.0,917,6834.0
2025-08-09,5916.0,913,6829.0
2025-08-10,5994.0,909,6903.0
2025-08-11,6051.0,908,6959.0
2025-08-12,5952.0,905,6857.0
2025-08-13,5927.0,902,6829.0
2025-08-14,5893.0,897,6790.0
2025-08-15,5920.0,882,6802.0
2025-08-16,5925.0,880,6805.0
2025-08-17,5974.0,879,6853.0
2025-08-18,6032.0,876,6908.0
2025-08-19,5940.0,873,6813.0
2025-08-20,5944.0,864,6808.0
2025-08-21,5913.0,858,6771.0
2025-08-22,5874.0,855,6729.0
2025-08-23,5905.0,850,6755.0
2025-08-24,5976.0,849,6825.0
2025-08-25,6050.0,849,6899.0
2025-08-26,5970.0,845,6815.0
2025-08-27,5949.0,837,6786.0
2025-08-28,5870.0,826,6696.0
2025-08-29,5867.0,821,6688.0
2025-09-01,5937.0,816,6753.0
2025-09-02,5914.0,815,6729.0
2025-09-03,5905.0,813,6718.0
2025-09-04,5826.0,812,6638.0
2025-09-05,5839.0,811,6650.0
2025-09-06,5868.0,812,6680.0
2025-09-07,5935.0,812,6747.0
2025-09-08,5995.0,812,6807.0
2025-09-09,5899.0,809,6708.0
2025-09-10,5930.0,799,6729.0
2025-09-11,5902.0,797,6699.0
2025-09-12,5954.0,789,6743.0
2025-09-13,5972.0,783,6755.0
2025-09-14,6033.0,783,6816.0
2025-09-15,6108.0,782,6890.0
2025-09-16,6047.0,778,6825.0
2025-09-17,6002.0,768,6770.0
2025-09-18,5968.0,759,6727.0
2025-09-19,5973.0,757,6730.0
2025-09-20,5988.0,754,6742.0
2025-09-21,6063.0,754,6817.0
2025-09-22,6098.0,753,6851.0
2025-09-23,6013.0,745,6758.0
2025-09-24,6002.0,742,6744.0
2025-09-25,5953.0,736,6689.0
2025-09-26,5966.0,729,6695.0
2025-09-27,5976.0,723,6699.0
2025-09-28,6025.0,722,6747.0
2025-09-29,6094.0,721,6815.0
2025-09-30,6024.0,715,6739.0
2025-10-01,6001.0,711,6712.0
2025-10-02,5951.0,702,6653.0
2025-10-03,5898.0,695,6593.0
2025-10-04,5936.0,687,6623.0
2025-10-05,6005.0,686,6691.0
2025-10-06,6064.0,686,6750.0
2025-10-07,6004.0,684,6688.0
2025-10-08,5960,677,6637
